,Subject1,Subject2,Subject3,Subject4,Subject5,Subject6,Subject7,Subject8,Subject9,Subject10,Subject11,Subject12,Subject13,Subject14,Subject15,Subject16,Subject17,Subject18,Subject19,Subject20,Subject21,Subject22,Subject23,Subject24,Subject25,Subject26,Subject27,Subject28,Subject29,Subject30,Subject31,Subject32,Subject33,Subject34,Subject35,Subject36,Subject37,Subject38,Subject39,Subject40,Subject41,Subject42,Subject43,Subject44,Subject45,Subject46,Subject47,Subject48,Subject49,Subject50,Subject51,Subject52,Subject53,Subject54,Subject55,Subject56,Subject57,Subject58,Subject59,Subject60,Subject61,Subject62,Subject63,Subject64,Subject65,Subject66,Subject67,Subject68,Subject69,Subject70,Subject71,Subject72,Subject73,Subject74,Subject75,Subject76,Subject77,Subject78,Subject79,Subject80,Subject81,Subject82,Subject83,Subject84,Subject85,Subject86,Subject87,Subject88,Subject89,Subject90,Subject91,Subject92,Subject93,Subject94,Subject95,Subject96,Subject97,Subject98,Subject99,Subject100,Subject101,Subject102,Subject103,Subject104,Subject105,Subject106,Subject107,Subject108,Subject109,Subject110,Subject111,Subject112,Subject113,Subject114,Subject115,Subject116,Subject117,Subject118,Subject119,Subject120,Subject121,Subject122,Subject123,Subject124,Subject125,Subject126,Subject127,Subject128,Subject129,Subject130,Subject131,Subject132,Subject133,Subject134,Subject135,Subject136,Subject137,Subject138,Subject139,Subject140,Subject141,Subject142,Subject143,Subject144,Subject145,Subject146,Subject147,Subject148,Subject149,Subject150,Subject151,Subject152,Subject153,Subject154,Subject155,Subject156,Subject157,Subject158,Subject159,Subject160,Subject161,Subject162,Subject163,Subject164,Subject165,Subject166,Subject167,Subject168,Subject169,Subject170,Subject171,Subject172,Subject173,Subject174,Subject175,Subject176,Subject177,Subject178,Subject179,Subject180,Subject181,Subject182,Subject183,Subject184,Subject185,Subject186,Subject187,Subject188,Subject189,Subject190,Subject191,Subject192,Subject193,Subject194,Subject195,Subject196,Subject197,Subject198,Subject199,Subject200,Subject201,Subject202,Subject203,Subject204,Subject205,Subject206,Subject207,Subject208,Subject209,Subject210,Subject211,Subject212,Subject213,Subject214,Subject215,Subject216,Subject217,Subject218,Subject219,Subject220
Q5KU26,13.28549643,12.23654404,11.11477637,12.42713778,12.1657955,13.43032668,11.95368141,12.652549,12.34934373,12.35354981,10.82742438,11.29458976,11.92404493,11.23452868,11.43896346,10.73127695,10.9973219,11.35639359,11.26361957,11.08687642,13.65626567,13.03132242,12.12863147,12.70438497,13.25902502,12.77985329,13.59086379,12.73174347,12.90334313,13.81861948,11.02987304,11.62086538,11.39433692,11.57563194,11.6831041,11.83646972,11.88604749,11.72823917,11.55070616,11.4023702,12.37596803,12.13107506,12.83462804,12.09487168,12.46782264,11.21203969,12.00228056,12.00336906,12.10182207,12.17740744,12.16657796,12.25292169,11.1345265,12.22968206,12.24281442,13.14076146,12.44030014,12.49702966,12.03472139,11.87198085,11.97716884,11.95076974,11.29333525,12.19953394,11.91741925,11.30111764,12.03841248,11.77404993,12.03297395,11.11829134,12.45082185,11.78747892,11.94227037,11.56331324,11.82007934,11.88522124,11.88659439,11.52907314,11.8727497,11.20381718,11.50327296,11.94573814,11.92961063,12.31683703,11.78443513,10.36636188,12.43411869,12.16575855,11.79281231,12.53060223,10.59352276,12.24134882,11.62008627,12.50397196,12.42492979,11.78814763,12.34615142,11.90846891,11.92422062,12.20602014,12.0538522,11.71079863,11.44941172,11.86337504,11.70730795,12.6607869,11.90030167,11.61095306,11.82761115,12.42255223,12.04326044,12.51013049,13.32645158,12.33988029,12.70290766,12.87819256,12.33393911,12.61156387,12.68857504,13.14401286,12.64159782,12.45908176,12.98026542,13.00138353,12.42304468,12.64902689,12.0170826,11.9638098,12.31072294,12.15628105,11.39892585,11.68242371,11.07103067,11.29008696,11.44552884,11.54710755,11.78505451,11.74017607,11.66493224,11.74696738,11.51286324,11.73179013,11.06656815,11.41548443,11.47881078,12.40141422,11.99093987,12.22916558,11.99681332,11.70190861,10.50120704,12.03309792,11.74770566,12.06352561,12.08916572,12.50984249,12.07465253,11.60231325,12.01245924,11.39331281,12.3672774,11.99811332,13.16807842,11.85721319,12.20299782,11.69014461,11.78390915,12.09908777,12.11712397,12.38498242,12.38952634,11.78434129,12.79728918,11.60604927,12.05254538,12.83796051,12.20996758,11.8509532,11.68485279,11.75314135,11.97112058,12.37314748,13.39767102,12.90756095,12.69782218,11.69378157,12.86063289,12.6225311,12.54748645,12.55840125,13.02036269,12.37385188,13.10418781,12.42104838,12.57213325,12.61377324,12.2937561,12.27832637,12.28903021,12.30277128,12.62423471,12.45934963,12.69530275,12.25180228,12.19354393,11.43346696,12.21845895,12.45870725,12.41025464,11.83674721,13.10449587,11.28069512,10.96923811,11.45015794,11.56041393,10.60986852,11.10133689,11.58985428,11.53616176,11.32996749
Q96KQ7,10.30073317,10.32081541,9.055770069,10.14109621,9.930624861,10.59839025,10.34411262,10.00085891,10.13167461,10.61086047,10.55482956,9.598557513,8.927880987,9.535477847,9.620051693,9.542022091,10.09333419,9.592662329,9.757238925,9.532370836,9.598435509,10.21305368,10.23742784,10.24036987,10.10105014,11.02588844,10.36783917,10.18671226,10.15879712,10.11621875,9.511878268,9.080242932,8.459538805,9.023338788,8.88502783,9.547804643,8.802291276,8.935572058,9.143021826,8.943025845,9.781004229,9.700814315,9.12210321,9.697099268,9.863246129,9.184406753,10.07126631,9.943842825,10.0468792,9.497994081,8.602026816,9.850564995,10.59946772,9.747195974,9.849244033,9.619685395,10.10147183,10.04226371,10.04799869,10.09470597,8.275092628,9.822381797,9.776601479,10.02652306,9.890928615,9.349105953,9.493527979,9.197258725,9.998055034,9.427244774,10.40803136,9.42056015,8.481524703,10.2659643,9.921148866,9.820863238,9.397721819,9.283003827,9.582047816,9.917701852,10.83407626,9.391264108,9.337676015,9.48132343,9.587878636,8.471504901,9.898487385,9.817976389,9.738539721,9.802616741,10.35003393,10.14032179,10.40121307,10.10353524,9.93150455,10.63123583,9.419671946,9.640357283,10.10557807,10.06299348,9.444581476,9.88048081,9.628334259,9.535263828,9.76095186,10.19465845,9.967088939,9.983949919,9.95632603,9.666876255,9.897953131,9.760075032,10.56204438,9.816976796,9.696407457,9.885866628,9.633470819,10.30135684,9.816031113,9.935220872,9.303696998,9.269410664,9.01423319,9.400707562,9.328884489,9.103419171,8.964967732,8.921596694,9.157417088,9.357305075,10.83262818,10.07176446,10.48844986,10.01311614,10.46431124,10.25186446,9.866385751,9.958363475,10.1308326,10.28240087,9.059943196,9.875354779,10.08743094,9.684855947,9.558279011,9.136194589,9.710871317,9.683651263,9.750996092,9.938761927,8.563638764,9.527053611,8.847487191,9.397856194,9.614742651,9.971566306,9.533132352,9.626051024,9.452411066,9.41527821,10.18961591,9.427609918,10.39597272,9.060133395,9.439309313,8.746114826,9.844102751,9.111537549,9.451739317,9.719992138,10.57189372,9.612590816,10.2664975,9.425280665,10.00912683,9.178454272,9.243308981,9.57052494,9.733376699,9.295610256,11.54830588,10.06418262,10.38930297,10.47437611,10.23348772,12.13774131,10.37733679,10.4221299,10.19879511,10.26591652,10.9577322,10.63344295,10.11500393,10.28387307,10.76439832,11.03158564,9.936351035,10.29512964,10.49297249,10.7672454,10.34750499,9.80701121,11.0770897,9.703375026,9.74396841,9.934388164,9.928558362,10.14370194,9.991985849,10.10042101,9.599156893,9.8576638,8.553877774,9.586349242,9.587755135,8.97993567,9.788136589,9.420079991,9.621585119,9.956573026
P08697,12.03942681,11.09726433,11.54081173,10.87366298,11.44719218,13.29683494,11.2766451,11.09780205,11.12979283,10.84741112,10.9829787,10.88521834,10.17021309,10.93726769,11.03230897,11.19405507,11.21680307,10.97937238,10.96014817,11.02692503,11.89951961,11.20664524,10.22117495,11.18038298,11.41304195,10.21385031,11.00304157,11.09543026,11.38181031,11.10117429,9.872478083,10.9420958,10.78115911,10.6170953,10.93704149,10.1889699,10.88962212,10.88004704,10.84090007,11.01425094,11.59207112,11.23291759,10.07520071,11.26511571,11.44746641,11.77944241,11.40471058,11.52146443,11.23187402,12.10768085,10.92254398,11.03393077,10.9270275,10.7631953,11.06335558,11.56861906,10.88782087,10.76119188,11.05499619,11.5063736,11.21646704,10.91598713,11.61811695,10.50076613,10.75376201,10.61589316,11.09435435,11.34434625,10.94372311,10.6963748,10.61462053,11.10574819,10.34872753,11.48277675,11.17148104,10.91500877,11.06137594,11.44450776,10.99863387,11.52750348,11.76187814,11.33473116,10.70590101,10.7035943,11.36461082,10.99282158,11.04388176,11.21616436,11.26101534,11.66640429,10.8327846,11.19826667,10.74955811,11.2488622,11.23682144,11.47452916,11.06631309,11.05226669,11.14231256,11.13456109,10.48134214,11.1645395,11.15013507,11.13653442,10.97543718,11.70737315,10.63580615,11.34954619,11.10471011,10.88007815,12.22332863,11.05776742,10.78332533,10.95223384,11.12029752,10.49074823,11.22955203,11.01871363,11.21139694,11.39784224,10.04189578,10.71762642,10.77333897,9.989348635,10.56661147,10.34445956,10.96346678,10.4152175,10.60186214,10.65706428,9.779146669,11.32370175,12.42135983,11.52876684,11.65654272,11.45312213,11.25538999,11.1975281,11.34139709,11.55012531,11.03696282,10.72015561,11.02416924,10.88621024,10.86625522,10.29804996,10.92169241,10.92488396,10.90026565,11.44247025,11.27061396,11.02496318,10.62936972,11.13909918,11.24368642,12.00373581,10.77274768,11.13081635,11.27572273,10.84393491,12.22035168,11.07313728,11.37545305,11.09438133,11.3230945,10.77130178,11.32385233,11.1391081,11.05721137,11.41611108,11.68615693,11.10329047,10.94339992,10.91961424,10.63785739,11.30910778,10.93587968,10.92109894,10.89894994,10.52877718,9.750441563,10.85796014,11.11623292,10.5539765,10.94991201,10.821228,10.6120447,11.15848397,10.83314743,10.64093742,11.30643355,10.90731142,10.26811162,10.57564322,10.86892956,10.91474583,11.01722773,10.62931783,10.59661048,10.99535267,11.45231122,10.9123624,9.958333089,11.00706601,10.93282338,9.937132165,11.19721833,10.82977099,11.22921059,11.26957451,10.52287529,10.71095926,10.82825607,10.97427298,11.11085319,11.46283157,10.30444415,10.6148382,11.00775162,10.98383697
P29622,15.464063,15.70359195,16.71111284,15.79881638,15.77490384,16.29026864,14.95358392,15.87182824,15.63824767,16.29295361,16.56865266,15.40320358,15.18984525,15.48997909,15.46580454,16.1381881,15.53465896,15.79342297,15.40923481,15.331049,14.45645613,15.49417732,15.89338678,15.60870331,15.52928924,15.64514378,15.79515774,15.32306618,15.52481742,15.86041345,16.54756004,15.58290892,15.72017166,15.51195742,15.71708334,15.923578,15.77596318,15.63592442,15.73250763,15.22561337,13.71149452,15.46032369,16.0437833,15.57267038,15.18145559,15.5875987,15.66145885,15.69262511,15.66394858,16.02553576,15.90494079,15.65913097,16.02908012,15.78663871,15.57800121,16.70201921,15.69841991,15.32127009,15.45044271,15.88708752,15.89255288,15.90059064,15.32186337,15.17035604,15.70484574,16.08999297,15.90528903,15.42097476,15.80133321,15.54884641,15.51942153,15.7338384,16.06206345,15.92111087,15.59606554,15.34263339,15.48659734,15.82927891,15.68391066,15.36933728,16.06764774,15.38631224,16.33799862,15.62244543,15.90778661,16.27348362,15.70319381,15.53964245,15.62921611,15.80720697,15.64821963,15.77385254,16.43828182,15.59215351,15.62343825,14.99965277,15.55056093,15.71716867,15.62161766,16.11755262,15.07159797,15.24565155,15.65565492,15.6321342,15.62715732,15.70632099,15.72350346,15.40053391,15.4874865,15.54655623,16.57094052,15.44944333,15.55798611,15.81235534,15.84484572,15.24109408,15.41490771,15.42935055,15.65680476,15.84824227,16.00244588,15.34711325,15.50533338,15.28743429,15.55296503,14.57532389,15.07253441,15.3272956,15.42460523,15.03144397,15.88376932,15.45396874,15.37717665,15.46270643,15.34753752,15.31415889,15.55624185,15.54356827,15.58495136,15.20844733,14.30429398,15.5471014,15.69078243,15.07380734,15.57257827,14.31410201,15.6642035,15.27699308,15.36448072,15.67227819,16.37057933,15.70233784,15.8112167,15.74901093,15.35568263,15.94599308,15.99813884,15.61840326,15.5563856,15.43345054,15.05428947,15.73174847,16.41859064,15.77179745,15.77143348,15.5835412,15.14687092,15.68344058,15.6595244,14.90042887,15.00583838,15.47293354,15.23008696,15.35178626,15.43538785,15.46630782,15.50615239,15.55851587,15.68301751,15.49787027,16.03468585,15.72834341,16.61561384,15.84747059,15.99715873,17.19273065,15.84620166,15.57499316,15.67740591,15.84535726,15.46096669,15.72638416,15.56571687,15.48842552,15.64512216,15.44581908,15.49593227,15.11367476,15.56454488,15.13928436,14.56985274,15.56388683,16.7359052,15.4854765,15.66631175,15.79544901,15.69268867,15.33012087,15.69232818,15.57550552,16.30887899,15.2245926,16.42083052,15.5051752,15.33445077,16.40221681,15.22982923,15.48886486,15.42428501,15.09900833
P12931,13.12059502,13.37060413,12.36208414,13.61012733,13.34412701,13.92912849,13.02919492,13.43025849,13.43101017,13.28092911,12.8538295,12.75172128,13.29628978,12.67994968,13.13199224,12.54503528,12.82391637,13.11806732,12.84412299,12.77674589,12.2633417,12.57937438,12.82128258,12.90002156,12.76790176,13.58528814,12.87216589,13.11332305,12.93408194,13.43018961,11.06476384,12.80229739,13.15208623,12.74723903,12.53765814,12.89811875,12.70544832,12.87503466,12.9202849,12.69060239,12.15387393,12.73380342,11.85167249,12.48268543,12.95486407,12.44626518,12.82830522,12.88385947,13.00430613,13.04011135,13.5844705,13.62141489,13.98273478,13.40561778,13.54115703,14.43122929,13.29039363,13.50104222,13.52013385,13.70005498,13.72439063,12.88406552,11.83232021,12.83415187,12.7463398,13.31628979,12.99402747,12.1773626,12.77075734,12.92050749,13.40480013,12.67332064,13.06413123,12.86216814,12.68417906,12.04356,12.86777417,12.45384269,12.75961204,12.76391796,14.30601669,13.19575584,11.97340844,13.30094005,13.161039,12.97440016,13.09112788,13.20993744,13.31731425,13.83508582,11.63144525,12.95363479,12.58033597,13.05269094,13.03572847,13.01741163,12.91168842,13.46614561,12.97619107,12.87118452,12.80608917,12.6263237,13.05053206,12.79070716,12.69665746,13.20142378,12.87862482,12.71885434,12.5341022,12.74393426,11.62255618,12.49689111,13.26281978,12.5371908,12.51806743,13.35309711,12.69180956,12.37176233,12.41104535,12.32015498,12.25373075,13.17623155,13.41368964,13.35276039,13.25224435,12.85428446,13.08106126,13.30169582,13.10869372,12.7471492,14.5070721,13.80872516,13.2924392,13.41437423,13.80748846,13.69093941,13.47321152,13.80025697,13.71980507,13.90612168,11.81875458,12.35630067,13.72405841,12.80375811,12.74726711,12.53119349,12.38031476,12.71847354,12.58154392,12.5655369,14.55162527,13.57366662,13.79854041,13.81468873,13.46710107,13.70586023,13.83044706,13.66593971,13.64303234,13.56307583,12.64332384,12.89302394,12.72007243,12.75153708,12.92294098,13.42445802,12.88515618,12.71819542,12.96082464,12.73287037,12.57294069,12.70598187,12.12931231,12.71234304,12.63871487,12.9835955,12.81244074,12.32607358,12.71826741,12.71425564,11.87789932,12.23469978,11.23571922,11.98515875,12.41944435,12.53453532,12.41178493,12.17808271,12.25638807,12.24243592,12.82071294,12.19358551,12.01217186,12.57252295,12.11053441,11.76081357,12.06785161,12.56322672,12.25866859,11.74327411,14.91724808,13.54207759,12.95997284,13.22561101,13.57987074,12.85368188,13.05948264,13.30274952,13.42082919,13.07387307,11.79907393,12.89656287,11.77715564,12.84234112,13.07629237,12.90111329,13.38199619,13.09698587,12.97532815,13.17286809
P08253,13.23715745,13.70910418,14.22992443,13.56405454,13.26868038,12.93155731,13.27393406,13.79957648,13.38478862,13.90742617,13.54435778,13.22619865,12.57263862,12.9661716,13.00654368,13.09219332,13.24978937,12.87103794,13.20646554,13.07107554,12.50699724,13.58446244,13.90326183,13.69640451,13.64438957,13.48229445,13.5881935,13.58703986,13.53053401,14.08263865,13.74143264,13.25153797,13.34722809,13.16537697,13.36928835,13.80624277,13.14605914,13.46600287,13.33840257,13.55212992,14.50864342,13.69861814,14.11270845,14.41042931,13.78936733,12.36028003,13.72023128,13.75262399,13.67358311,13.94522734,13.07362848,13.29653088,13.88665069,13.43727004,13.5073379,13.95826344,13.72144941,13.67340079,13.39521521,13.47312169,13.18379244,13.43494598,13.31536613,13.81439418,13.12884071,12.51646548,13.53560421,13.49918152,13.46485573,13.12416503,14.40270745,13.43697771,12.45750454,13.34135647,13.13549092,13.5675291,12.84678791,13.19444623,13.33448824,13.32283079,13.07321562,13.59086262,13.76729538,13.40973895,13.34313555,12.9645458,13.26479722,13.43905748,13.19987062,12.82168308,13.24717558,13.46722459,12.63393501,13.63363556,13.66401281,14.56193749,13.36657332,13.44587365,13.56798374,13.67939703,13.66316107,13.24467814,12.69644127,13.45022797,13.23568837,13.99517262,13.10722995,13.57963238,13.16253918,14.02628878,13.65092501,13.49277686,13.86351169,13.59442432,13.79481786,12.46514122,13.98052686,13.22241848,13.50192713,13.24309165,13.35424747,13.50387307,14.05419981,13.57838655,13.46159505,13.76630265,13.4925922,13.41705359,13.3531501,13.29906614,13.38823576,13.42958757,13.5901423,13.5350487,13.56098141,13.0203416,13.52425465,13.19881852,13.43879842,13.24197746,12.64150801,13.21238321,13.40621062,13.08665948,13.1567603,13.90104365,12.7040908,12.57566924,13.20901406,12.88161987,13.35493891,13.60024715,14.82764765,13.87917917,13.48351465,14.22041012,13.74862557,13.97431477,13.52637157,13.94269093,12.97550024,13.38222362,13.20033009,13.41130299,13.34746062,14.18491362,13.44845993,13.44445493,13.51560863,13.65538209,13.77803249,13.09621367,12.83271782,13.38058665,13.06701403,13.91611054,13.42286078,13.52231644,13.31445617,13.21190064,13.54166338,13.80822109,14.16515036,14.10150096,14.05048155,15.25255493,13.82265744,14.04280327,13.85622195,13.57702767,14.7523197,14.34089735,13.63923131,13.94262662,13.94861624,14.47895194,13.9588507,13.67862367,14.16014295,14.66919982,13.49658988,13.26802367,13.99074516,13.39316592,13.34132776,13.35665917,13.67957229,13.27387593,13.42489115,13.33611008,14.01403988,12.87229366,13.23183996,13.47955134,13.0621062,14.78128913,12.94837203,13.089492,13.03071245,13.11871975
Q12884,10.30903382,11.27562842,11.54889456,10.95302884,10.89204306,11.30827762,11.20784975,11.03022689,10.9940668,10.26591543,11.09492672,10.53315286,11.06974374,10.53983679,10.36101286,10.53732683,10.59570577,10.90329604,10.50577994,11.31564843,10.6988145,11.19324117,12.72959004,11.30988901,11.20008126,10.8248888,11.28487337,11.08493834,11.37654178,11.21739434,10.5580069,10.14058873,10.04744445,10.05911881,10.17379443,10.34412573,10.09871365,10.30456758,10.19203101,10.24489393,11.41965227,11.17699747,10.66192952,11.49684164,11.42324163,11.13913428,11.24036706,11.21624989,11.30050253,11.01912528,10.58660795,11.47181659,11.91982729,11.06200246,11.20813175,10.52739584,11.512617,10.95106589,11.14446324,10.48049027,10.91212295,10.76439957,10.73413803,11.08607176,10.79336398,10.26657258,10.92357154,10.65049024,10.79092224,10.82842479,9.992191246,10.38379345,10.98315188,11.05634633,10.50350046,10.45981953,10.41565154,10.97892771,10.72451867,10.75281449,11.2930713,10.74345285,10.38945373,10.58912884,10.81841157,10.71319066,10.44203858,10.36788315,10.73103529,10.39882802,12.46363165,10.69789236,10.8574581,10.94554485,10.88428757,11.00560482,10.61028219,10.74853106,10.93120918,10.77190365,10.89763749,10.54029956,10.65558594,10.95383081,11.00675606,11.19065482,10.44772071,10.6666051,10.73889508,10.7751104,10.68891497,11.02792747,11.8240072,10.81004999,10.77125618,10.82919674,10.86008235,10.65817714,11.10075394,11.66832538,10.4644924,10.48568482,9.516595816,10.01743186,10.7591549,10.1505339,10.65760181,10.22515416,10.41098698,10.28132389,10.36477983,11.01331402,11.42694307,11.37057122,10.91763843,10.57812847,11.09029935,10.84876163,10.81274179,11.08729434,10.50973925,10.53602045,10.57195368,10.45396962,10.55560102,9.930044722,10.66196825,10.53571229,10.5610254,10.68267538,10.40112324,10.49858646,10.96671865,10.92538635,10.74628889,11.54952795,10.80848614,10.45653171,10.65272201,10.03001218,11.14379333,10.7143526,12.03865364,11.26831022,11.00709483,11.18568126,11.22455685,10.83438481,10.90322982,10.51357489,11.30632554,10.76293655,11.58265948,10.60922266,10.58581241,10.50557729,10.81243436,10.63078481,10.55445742,10.6088001,11.19259321,10.60753781,10.85188962,11.05461703,10.48074184,10.36374668,10.92195121,11.24732084,10.64906183,10.93921312,11.56082471,10.86056955,10.486478,10.83086987,10.70509234,10.86730635,10.80413337,10.54350077,10.90648003,11.02927975,11.38174477,10.92601777,10.72052083,11.22090946,10.90051816,11.25099053,11.22420416,11.23526407,10.85121828,10.89853551,9.979255112,10.601749,9.916531732,10.39833769,10.51358453,10.99547367,10.71874436,10.1527584,10.48662668,9.871194264
P08294,9.833942699,10.06545033,11.01218841,10.04229446,10.22810985,9.495727869,9.971106787,10.24191595,9.89175658,9.842363072,9.751558077,9.730676767,9.890606745,9.658378316,9.524070905,9.044782056,10.0492986,9.858763923,9.841779504,10.10186658,9.178860665,10.28937062,10.20971185,10.09863223,10.28033063,10.94376884,10.05112493,10.13428694,10.26524746,10.69559314,10.29376048,9.646983271,9.323417598,9.073932291,9.566713242,9.613564257,9.785136102,9.707660231,9.524972031,10.04836654,9.594322042,9.963329808,9.603794523,10.09228072,9.914434391,10.21713129,9.906940475,10.14385774,10.11139575,9.708776998,10.45420669,10.15723355,10.35825726,9.823428964,9.863456124,9.709948619,9.971339051,10.43898684,10.15962261,10.20127362,9.046092414,9.813422582,9.722197063,9.677908762,9.643370834,9.677343616,9.87021038,9.774039632,9.612333183,9.384541222,9.545938243,9.585269194,8.720660936,9.960771218,9.472326142,10.34405397,9.805369589,9.591316685,9.764756942,9.76391972,9.444894178,9.782765071,8.206054233,9.510415183,9.629403148,10.35213301,9.465391647,9.80271559,9.680667671,9.930420993,10.76863065,9.832169522,10.19317977,9.96331012,9.955087738,10.28977183,10.39121503,9.935030311,10.04292419,10.37663438,9.613842316,9.510654333,10.14644642,9.663508969,9.771460221,9.403225859,9.631252964,9.740829345,9.682493711,9.420718303,10.06240922,9.941769671,10.71378076,10.48048044,9.899075753,11.1615101,10.0662685,10.13649137,9.999556794,10.32733479,9.323390936,9.487185701,8.241696178,9.941464342,9.650894887,9.973459563,9.917937967,9.323889125,9.453461416,10.0365746,8.972224942,9.609095414,10.21930675,9.347927851,9.732034326,8.910960167,9.469990547,9.944285715,9.690612245,9.972882397,8.101101879,9.595813969,10.5734743,10.22089565,10.04046813,9.532314225,10.05521848,10.0474317,9.818638366,9.672628758,9.435551701,9.985167533,9.242591589,9.925797652,9.921207157,10.21314578,9.849042701,10.66782586,9.98395177,9.839373659,10.88846912,10.59594545,11.1977771,10.50673536,10.58849338,10.75602921,9.951384272,10.57814902,10.59457164,10.88492789,10.89069234,10.12169914,10.49772309,10.22455973,10.0655927,10.4325929,9.824344585,10.0458288,9.972450525,9.766973978,10.74496644,9.841106841,11.44519765,9.785251163,9.917466551,9.727666737,9.683493879,9.543505308,9.965469076,9.842325794,9.051996867,10.4237396,10.13480213,10.15189363,10.07605861,10.96140734,10.37351826,10.30676832,10.27690617,10.37505956,9.650055317,10.29717375,11.03410991,9.791794167,9.711479001,9.815361224,9.843700475,10.14176647,10.02400867,10.54049916,10.98289837,9.758736784,9.322234034,9.827749511,9.693234492,9.805271948,9.400146584,9.57048553,9.560069797,9.260540147
O94991,13.42105728,12.90951072,12.97004325,12.75715307,12.44306073,12.56781784,12.5257002,13.03991312,12.89011167,12.67528526,11.89943346,12.07068431,11.84466326,12.44099735,11.94984705,11.58547678,12.06321671,11.62907585,11.90878312,11.2731056,12.25838524,12.92678647,13.22278005,13.25280399,12.83272278,13.49981694,13.03147404,13.10670139,12.98801248,12.64075237,12.47701766,12.06144748,12.41917873,11.99720761,11.85723053,12.2823324,12.16421335,11.99527669,12.04007666,12.34132423,12.16596654,12.98784039,13.37897108,13.09794654,12.77777997,11.20573478,12.96000551,13.29786094,12.92284706,12.8988394,14.03610019,13.06955041,12.37557982,12.96469189,13.19350614,14.22020559,12.80090731,12.65872817,12.90027534,13.0922189,12.68265581,12.27121172,12.42797357,12.45173305,12.09277317,12.25090032,12.62088716,12.25970242,12.18079012,12.22336016,11.20150296,12.47000419,11.40553921,13.03308839,12.49358625,12.05628188,12.64177729,12.48948711,12.47079403,12.08782586,11.58616711,12.42428319,11.61329558,11.94291378,12.14452503,12.18829276,12.35186736,12.76030752,12.46781584,12.07813937,12.34299132,12.51591761,12.46997835,12.12463196,12.29131785,12.3833959,12.37789204,12.82872569,12.25534434,12.62548488,13.04316358,12.46102291,11.76253187,12.29816678,12.10450498,12.13078715,11.87623143,12.53817303,12.22997343,12.08537835,11.02987463,12.60137688,11.90608116,12.66075091,12.79919945,13.0503085,12.62241528,12.52245163,12.68535261,12.31989039,11.69099169,11.75830305,11.45554056,11.96709199,12.00104448,11.66793265,11.73078276,11.61459623,11.99413471,12.3560648,11.93240833,12.42718527,12.99372485,12.52583057,12.40314333,12.96524638,12.69779519,12.20629004,12.41483204,12.16929495,12.82710381,12.05181981,12.33655644,12.43028043,11.8975124,10.91291622,12.28470923,12.13133628,12.14776197,12.16508187,13.75334882,12.41928234,14.33327622,12.58919757,12.52714264,12.52335963,12.64979499,12.94218295,12.5342885,12.51863654,13.14264959,12.48866657,12.14077245,12.41909135,12.55430319,12.53750606,12.46104978,12.15092838,12.50601301,12.5730378,12.52033924,12.24164017,12.00079622,11.73681799,12.37757812,12.36843758,12.43845987,12.20303014,12.25454984,12.25409719,13.18942949,13.38496254,12.83425762,13.36443704,12.92673156,13.86946335,12.7728758,12.91139274,13.03479276,12.95246673,12.80319158,13.03004518,12.42863369,13.07098792,13.03650354,12.37579924,13.00149924,13.12442602,13.00381877,12.71455574,11.82728983,12.52501499,13.086565,12.35555275,12.81893081,12.16982034,12.84788371,12.9457878,12.70767222,12.66151444,11.83873967,11.70505104,11.68395228,11.9657671,11.71927229,12.93498861,11.79130531,12.31978379,11.88396051,12.54568999
O60911,13.30190343,12.10526532,13.20308848,12.1923158,11.99808645,11.08273741,12.05357316,12.46240328,12.27251686,11.57067894,10.63485691,11.48977598,12.4942061,11.79009871,11.563346,11.66198207,11.86257314,11.53254563,11.460139,11.78252196,11.83469001,12.0415065,12.96232063,12.22058995,11.93188754,10.87273186,12.13667696,12.21707067,12.0900207,12.19534425,11.71282406,11.67955994,11.83522804,11.63987205,11.50535494,12.30442188,10.97414216,12.07001068,11.40577311,11.58560112,13.00404567,12.20633144,11.42637995,11.96265287,12.00770031,12.10389324,11.98009104,11.95073291,12.05848915,11.9527599,11.70297836,12.19330355,13.24451979,12.46145359,12.21374061,12.32337274,12.26003313,12.31535609,12.26467778,12.13923629,11.27981446,11.93837408,12.59787863,12.23526731,11.60969719,10.90146735,11.68925775,11.65523875,11.76466428,11.20180022,12.25136022,11.77817804,12.1190254,11.81748416,11.9852087,11.59456898,11.94745957,11.39108597,11.82447346,12.43738371,12.46439058,12.07368436,12.40958428,11.72192289,11.92799095,11.84469349,11.89095669,11.64223854,11.62941871,12.32108588,11.82148768,12.22647413,11.08110059,11.75837833,12.2653776,14.07013102,12.49397808,12.35945761,12.36568107,12.73936683,12.12341771,11.40091749,10.16541695,11.6346698,11.51923123,10.74725764,11.63230182,11.4682076,11.68683104,11.40866726,10.95808381,12.34369854,11.78764574,12.80276598,12.68867244,12.62568457,12.55691258,12.02374184,12.23994088,11.85252181,9.910415945,10.78092198,12.59990792,11.12122351,11.00927085,11.09583111,10.92469803,11.4196039,10.71735168,10.83282686,12.75790863,12.23579838,12.80982125,12.29914275,12.49161759,12.2685306,12.14109349,12.80748969,12.21836666,12.33747021,12.09603832,11.52730491,9.641602127,11.45835091,11.34232873,11.33146196,11.00487583,11.71420768,11.34551713,10.93937921,10.61441565,11.24242937,11.74309789,11.70458551,11.46387706,11.00161117,11.70708694,11.76703818,11.27192357,11.34790031,11.19693202,12.49511504,12.93364625,12.20651498,12.22652622,11.72112875,12.54196207,12.28027007,12.39092134,12.42193842,10.7439837,11.55468546,11.45437925,11.66252206,11.66925083,11.57560832,12.18563351,11.6626718,11.9263823,11.60230551,11.25513432,12.66900187,12.62775763,12.62447079,12.36285621,13.98688881,12.63052039,12.86076056,12.86657157,12.65301529,12.32810755,12.27905195,12.03932647,12.11150647,12.30468425,11.18696759,12.04080131,12.24275413,12.24008294,12.24513078,12.19550789,11.77359648,12.11805232,11.57141301,11.40138228,11.3409333,11.48832445,11.48921959,11.58066383,10.86743845,11.11583336,11.71982722,11.57327842,11.29358087,11.42741379,12.13690981,11.57413009,11.21805374,11.46265158,10.81750813
Q92838,10.57589117,11.77513663,12.75256792,11.9084358,11.81956551,12.03765207,11.56085644,11.67917017,11.87455775,11.77391322,11.59076586,11.63980308,10.23559609,11.69508978,11.21815846,11.40748425,11.1426723,11.16243305,11.43672989,10.72800923,13.3098752,11.76471139,11.57329388,12.02320815,11.84225874,11.60737659,12.13239471,11.86287734,11.78732159,11.7445302,11.23130009,11.67922335,11.80610494,11.27234966,11.43120808,10.9152458,11.26159063,11.01834685,11.52869093,11.18766158,12.47533187,11.74861178,11.72723605,11.78777196,11.68207197,10.93777057,11.52997596,12.32917042,11.94260644,11.6158461,11.37148182,12.14798995,12.18175038,11.80418252,11.89788296,12.08341717,11.48255705,11.80893911,11.95567702,11.87025434,14.092978,11.55846047,11.83813516,11.63298798,11.35436301,11.01714448,11.01632939,11.83969872,11.73321551,11.5229597,12.08396141,11.61759457,11.09561134,11.97828314,11.48152435,11.16499483,11.31916443,11.61634765,11.67314625,11.38504114,13.02238968,11.74323336,12.08043451,11.93582146,11.47638853,11.08844973,12.05532443,11.41168401,11.85501191,12.04478668,12.48950855,11.93612484,11.76163424,11.55002875,11.77395097,11.40736028,12.34400189,11.5474501,11.79062212,11.50422,12.04500048,11.40198117,10.89421908,11.72447067,11.71382253,11.35643585,11.79229107,11.79265257,11.60271504,11.60774802,13.03834629,12.34687794,12.2252649,11.90376802,12.24548666,11.52129664,12.14525505,12.10134821,12.18119598,12.52234142,10.39860185,11.2192083,11.33764711,10.92882114,11.28238225,12.29568788,11.24092832,11.21088546,11.22943692,11.39329682,12.1261052,11.52463935,11.73710695,11.52552699,11.54318443,12.80316913,11.6122642,11.51010489,11.64383424,11.94543346,12.1178757,11.34764952,11.81228949,11.3951822,11.22782155,10.98289544,11.02728255,11.0274811,11.26945504,11.21609688,12.21707384,11.50782688,10.36864234,11.78237257,11.4796439,12.07453235,11.61604933,11.61721611,11.5558939,11.44842397,10.94684257,11.85015638,11.22811227,11.42442001,11.8393191,11.88833118,11.49790859,11.66577677,11.48213454,11.71877958,10.8249649,11.59907922,10.59832669,11.3514649,11.46377491,11.56240463,11.11929314,11.17991388,11.49237462,11.56601042,12.20872765,11.84973999,11.62704555,12.13418494,12.14866297,12.09517731,11.99733736,11.49341052,11.86046054,12.28480232,12.21105705,11.79983917,12.38597132,11.41933477,12.3588994,12.00538041,12.00164717,11.87421624,11.80855977,11.93783303,11.44811198,11.82418392,12.42177267,11.99846724,11.82010883,11.94525882,11.69485654,12.00125752,11.78580831,11.7652793,11.90856956,11.55620137,13.01568839,11.79326008,11.59625728,11.53661405,11.12692056,11.26986321,11.39904378,11.22281814
P43652,16.0577291,15.45878491,15.39627235,15.65368903,15.54661966,15.93796816,15.20088218,15.94380825,15.35300132,15.03373673,16.31090648,15.09882272,14.25775903,14.79051679,15.37505082,14.91904319,14.98326525,14.96942634,15.2559058,15.47161932,17.13771917,15.25001503,15.67704668,15.1321746,15.4026078,16.24173004,15.22163567,15.16023214,15.4328685,15.83568208,15.47022579,15.54811242,15.06823061,14.9324648,15.40533423,15.05637623,15.45785049,15.92466856,15.3604713,15.26606635,16.8900608,15.369769,15.98083383,15.21963098,15.62131635,14.75787845,15.57836019,15.55459098,15.3218738,15.70548516,15.14222703,15.26309825,14.33790661,15.56017251,15.23391468,15.53543881,15.06724225,15.02199702,15.33931595,15.28468791,15.87765737,15.38244547,16.51795285,15.81251491,15.52928666,14.58708731,15.581237,15.73399899,15.47478384,15.76996975,16.08321282,15.20134606,15.45669987,15.29399419,15.68360878,13.96306017,15.04150805,15.3958111,15.37600798,15.36696273,14.80989853,15.46273068,15.32728488,15.5682967,15.50280075,14.47563806,15.11742872,15.32238627,15.46230115,15.19464982,15.56623725,15.36471127,15.25733179,14.80163072,15.34867016,15.95175842,15.33913661,14.97222972,15.29392349,15.41549231,15.07007965,15.25048749,14.94562372,15.1879981,15.32808827,14.11376461,15.09268653,15.32226389,15.16428926,15.80994644,15.62280822,15.65219784,14.05281529,15.70929136,15.5779419,14.49783611,15.36060757,16.04778998,15.49649695,15.63190148,15.19275211,14.81823926,14.16402944,14.99222657,14.91465241,14.59946914,15.04320046,14.3491594,14.78514633,14.4393995,16.5311204,15.76561112,15.4608474,16.00261812,15.45199506,15.61635657,15.4623594,15.84591012,15.56386521,15.76338903,15.8524118,15.0732757,15.50121931,15.06901443,14.86624755,14.79941124,15.01286221,15.12816686,15.0438429,15.54972196,15.83908732,15.56068914,14.69761801,15.09643695,15.52899675,15.41905086,15.23065995,15.26889888,15.08409251,15.15584835,14.73249201,15.46112474,15.19579662,14.7071004,15.48825556,14.86778726,15.06775372,15.57992681,15.14051227,15.55029537,14.18502957,15.20812033,15.19237319,15.26053296,15.06949573,14.55627544,15.05288594,15.3785871,15.05284725,15.3934489,15.82958379,15.67946727,15.38745294,15.56798285,15.56109202,15.82089165,15.43990497,15.96740019,15.72942277,15.71440239,15.6062401,15.42264985,15.82485128,15.32744172,15.48555728,14.14227994,15.59718032,15.41928289,15.38919142,15.63301956,16.75182607,15.52302244,16.96989006,15.95205406,15.45514226,15.33706095,15.8221311,15.58944128,15.54564511,15.42771402,14.08975295,14.58167185,14.10648693,14.90955558,14.83788298,14.31157904,15.07583499,15.03625619,14.92315012,14.90580081
P00533,15.26764271,15.41895787,14.04280039,15.28500171,15.49700808,15.31880945,15.50600905,15.21534414,15.300039,14.77990512,16.03998623,14.87082614,14.79528018,15.41191645,15.43400965,15.0933412,15.15819006,15.51367488,15.14998264,14.75346734,15.06046404,15.48063268,15.25655301,14.99665437,15.58453341,15.89907741,15.4920414,15.28416377,15.32670241,14.85475976,15.22409454,15.36709487,15.90857856,14.80944891,15.22630968,14.52209612,15.3795067,15.15279982,14.9479188,15.53839353,15.78855618,15.49056621,15.29605413,15.43346595,15.82250959,14.53991895,15.47731549,15.9247716,15.595072,16.01190951,15.60219498,15.35640157,14.02953739,15.42444606,15.40339404,15.7290265,15.2293847,15.0715808,15.42590925,15.38004512,15.46211891,15.43628407,15.38923542,15.399355,15.39527206,15.10267358,15.23074662,15.59468332,15.49278874,15.42453279,14.95626201,15.0800234,15.11332354,15.52808766,15.31987216,15.1888609,15.23624535,14.97420775,15.22912746,15.12532655,16.03055752,15.35336537,15.67690178,15.26711581,14.99462358,15.69021814,15.33122874,15.39307035,15.35062118,15.27797452,15.65181423,15.43999021,15.54569238,15.27252456,15.10159588,14.67253684,15.45497029,15.04584342,15.3868847,14.73764277,16.74008761,15.28863698,15.0035964,15.06829935,15.27780591,16.05017574,15.39901031,15.44761887,15.30895653,14.52821438,16.2301862,15.49076403,15.98553425,15.50475472,15.11244444,16.44007862,15.42974539,15.33197282,15.43342087,15.46098311,15.18558138,15.32196182,15.47219959,15.1051153,14.87994132,14.5519662,14.69911285,14.67956333,14.95998395,15.10348166,15.51819576,15.32746337,15.17974364,15.38539356,15.16214757,14.48944374,15.48382194,15.40168742,15.23469374,15.21372097,12.56992731,15.07436601,15.33333014,15.18357555,14.8565917,14.93327222,15.12684198,14.99702056,15.12334984,14.83303512,16.14703834,15.03476808,13.8868084,15.18886489,14.85464786,15.58857842,15.23853961,14.54101607,14.95914534,14.89974662,15.56074549,15.18915241,14.71776553,15.39383935,15.18514824,14.86467655,15.22313277,14.97843496,15.13699408,14.96149208,15.94144073,15.212082,15.94895574,15.38807621,15.45708466,16.88616543,15.3101195,15.42799977,15.33048609,15.28386558,14.61804617,15.72520865,16.26922271,15.4872927,15.50509108,15.97132524,15.57884205,15.38685837,15.56876019,15.36908092,16.10222773,15.69713121,15.04824521,16.19291266,15.74847951,15.85332887,15.72921877,15.64574342,15.72708943,16.29293193,15.59231592,15.11805125,14.72369184,15.36437993,15.26033599,15.31752596,15.62213092,15.41258338,15.36792119,15.02794399,14.95431752,15.18918665,14.13778188,15.40794175,15.22525444,16.53063235,15.33355929,15.09716761,15.01750509,15.30763379
Q15063,12.88523424,12.5850323,11.74638519,12.70136455,12.63563823,12.43662814,12.84563859,12.99030656,12.74285324,13.15754572,12.72559669,12.19273608,11.79016575,12.19050272,12.05650226,12.40749356,12.37518978,11.9206271,12.06420348,11.83731625,13.20585355,13.17935317,13.76466089,13.42733596,13.14302863,12.23742422,13.07672083,12.53112647,13.31597746,13.1748428,13.05803545,11.71935288,12.16023266,11.91912135,12.15294305,12.79487319,11.86325764,12.27248548,12.08814829,11.94503441,12.20449881,13.05748878,12.53121192,12.688559,12.9383301,13.62309662,12.55499193,12.70673045,12.78501496,12.59199489,12.50017914,12.7804442,13.09182441,12.7443261,12.96938828,12.22410488,12.86340925,12.66282625,12.80986945,13.00997337,11.57080079,12.29464826,11.22337655,12.176159,12.33982301,11.912568,12.48941459,12.30693084,12.19857695,12.63940943,13.13470683,12.33030961,10.88612773,11.9053935,12.42419993,11.65077935,11.84709894,12.23669009,12.23647753,12.0782624,10.4764688,12.36864986,12.07734635,12.2925324,12.17983694,12.49999106,12.6649683,12.53387296,12.40272407,12.37783904,12.49706524,12.53511786,12.18815022,12.87338939,12.44913445,12.45225592,12.79393486,12.65817533,12.73614576,13.19189596,12.13827729,12.24053626,11.43840166,12.2216629,12.04382285,12.03035898,11.99404587,11.84832186,12.23630129,11.99878158,12.72416763,12.5494323,13.13122508,12.80001188,12.65662054,11.78403513,12.59781524,12.83698539,12.56341217,13.02058432,13.60383837,12.42295851,13.4656923,12.62526049,12.82408866,13.10936523,12.12569486,12.52925644,12.38971347,12.54121707,12.58998953,12.40358372,11.6673454,12.90948005,12.90898286,11.88355381,12.83302536,12.9016531,12.51367508,12.47019691,13.3685812,12.18531222,11.6021064,12.23307835,12.38978194,12.16913928,12.25011151,12.60154011,12.10490084,12.19289646,12.90327245,13.16041587,13.61766201,13.44002119,13.0042325,12.86829196,12.97456734,12.87954641,13.06733616,13.68247393,13.37310661,12.56950734,12.07482889,12.64763205,12.35740893,12.3120167,12.89601498,12.6341184,12.59895906,12.45740437,10.7325591,12.29738807,12.14429281,11.9801071,11.8606586,12.28780412,12.15339791,12.33538606,12.27768205,12.47716514,12.60099052,13.15978531,12.58927604,13.07937777,13.25696268,13.44425112,13.53278063,13.07835119,13.03690035,12.36449739,13.53985685,13.4652088,12.70758093,13.002565,13.1411419,12.01288941,13.11332372,13.16228975,13.04349798,12.83055623,12.44100932,12.56612695,12.57172185,12.5857352,12.54321021,12.73437733,12.28962183,13.03996219,12.55605326,12.26390681,11.45359893,11.69849002,13.17845919,11.89402376,12.13649385,11.59846534,11.86628308,11.68176309,12.097084,12.0374849
Q8IWV2,12.11821867,12.5944188,12.36984936,12.62772614,13.03197127,12.77213416,12.90453108,12.65458102,12.83277529,12.80803068,12.48972753,12.57537905,12.77344826,12.66367422,12.64783286,13.60692375,12.30899934,13.00657028,12.50473146,12.48824892,13.97780192,12.55914192,13.31461237,12.08468875,12.47152165,11.84527208,12.42718415,12.52632903,12.67884641,12.78436665,11.33246927,12.40339076,12.59484889,12.7035412,12.49762636,12.54795682,12.29625989,12.07835177,12.39607838,12.450368,13.13479883,13.01549246,12.43079364,13.16729906,12.86420648,12.4019544,12.77498358,12.85355154,12.9215079,12.33645276,13.39878674,12.85963021,12.69176271,12.86977566,12.99379594,13.81483729,13.12166648,13.01451801,13.09206239,12.8448728,12.63504082,12.69578692,12.65725137,12.59543272,12.54479839,11.47280189,13.0322475,12.90799516,12.63599601,12.6575226,13.75454814,12.44335968,12.73212352,12.26808578,12.41568231,12.67458695,12.52206275,12.61340514,12.37432324,12.20034114,15.31779403,12.32390328,12.15118606,13.05461395,12.73530629,13.43069982,12.41412015,12.85900048,12.66214203,12.54574162,14.00506696,12.86903304,12.91454083,12.47601753,12.81511275,12.65048009,13.18834779,12.84638291,12.94323668,12.90827865,11.56175784,12.80142126,12.37145997,12.68696155,12.34491653,12.79320336,12.65750717,12.1670956,12.45905216,12.00300222,13.77406558,13.13178293,13.88418283,12.78219748,12.88749143,12.97179746,12.80843536,13.01484542,13.07032974,13.00403861,12.176982,12.33943651,12.57347068,12.1099482,12.32310543,12.94794475,12.58583335,12.02575442,12.29272648,12.18288761,12.24587026,12.45384686,12.61800828,12.51516886,12.28126955,12.44923478,11.98164405,12.44288616,12.53873586,12.3639977,12.44204658,11.9363405,11.73912014,12.71600842,12.32433746,12.60977614,12.08727148,12.15240311,12.21400104,11.65146264,11.66807403,12.65147112,12.0378767,12.78204592,12.49763627,13.39843061,12.85019869,12.64027498,12.57752505,12.93145853,11.64866616,12.59350352,12.63785013,12.31935225,13.03622046,12.60060353,12.3549801,12.70737884,12.64910433,13.33790549,11.61188117,12.57837563,11.26767065,12.15074083,12.61111991,12.10375769,12.77542358,12.41882168,12.47676456,12.20311346,12.68862139,12.66501907,14.1051682,12.30159183,12.39618846,12.39834542,12.35360806,12.66429903,12.78434342,12.41099982,12.34996981,13.10856334,12.35139486,13.02413471,13.00534448,13.53542165,13.20803779,13.12980927,13.11982093,13.2659386,13.10332804,12.69407654,12.6809177,13.22587294,12.86592549,12.25880675,12.79156035,12.50334855,12.86131623,12.37311755,13.20226982,12.33685133,12.54079803,12.03047463,12.22046322,12.14067609,12.47517786,12.79257456,12.2422761,12.51128873
P12277,9.610143076,11.25077947,10.68668564,11.75582652,11.36865028,12.21607918,11.24065427,11.54282343,11.41749153,10.9381689,10.69309099,9.546467884,10.51489264,9.816781214,10.099475,9.085386243,9.743667259,9.856800929,9.981841461,9.453719957,11.17635376,10.9602933,10.48046451,11.21513676,11.10096075,11.90330758,11.11795002,11.38819666,11.08593526,11.36936986,10.41286993,9.91667085,10.84883638,9.949119254,9.296745705,9.464114409,10.07409793,9.944949524,9.781197566,10.34955859,11.00074313,11.29274714,10.74103566,11.51937032,11.20839376,11.48051755,11.04697027,11.11620953,11.1387585,11.44394013,12.75809804,11.12416809,11.58918364,10.98232997,10.99106927,12.62006524,11.01286551,10.99237694,10.90246964,10.85988885,11.46538984,10.9471247,11.97948969,10.94907187,10.90959875,10.71939429,11.08005746,11.14718794,10.9981149,10.44108181,10.20791393,10.28752087,11.16165844,10.45049665,10.17900503,9.900884751,10.26584608,9.972056568,10.24602296,9.89086825,10.86070141,11.60361758,11.96123375,11.29460674,11.75363463,11.08364917,11.68228166,11.59880965,11.53576301,11.69906759,12.09671919,11.42278367,10.91766287,11.46681294,11.42678785,11.44677197,11.65818185,11.38410227,11.64726241,11.64524185,10.56347721,10.77810311,9.975538711,10.65021954,10.46973132,10.39959137,11.00966079,10.53635285,10.70420237,10.44753943,9.694391971,10.39576608,9.791910353,9.926984103,10.54227851,9.203969475,10.2660164,9.546253343,10.13115711,9.741540636,9.154509849,9.583161487,9.283901038,9.445272289,9.197413106,9.487772883,8.982416706,9.467316109,9.351260083,9.242611052,10.83366615,11.23965284,11.36916613,11.04216938,11.15956467,10.72282205,11.30305903,11.0118323,11.09414432,10.89212631,9.807714404,9.32372754,9.69101902,9.066423868,9.626133771,8.659859532,9.017711207,9.369494013,9.393968884,9.890287701,9.772445662,10.14837189,10.86150913,10.29828115,10.03605687,10.13166861,10.12498434,10.36285541,10.26328685,9.957090768,9.677196685,10.4626274,10.89141798,9.991641959,10.17740805,10.25778618,10.26988301,10.60871861,10.27923259,10.71864333,9.368772452,9.974587188,8.660670409,9.613023544,9.801627236,9.583799107,10.31061433,10.07090348,9.796067554,10.12471079,10.89026843,11.06950175,10.52872662,10.99855909,10.90525179,11.13042975,11.00144218,10.90830364,11.02328474,11.30673791,9.793366037,11.69998039,12.64023078,11.44132211,11.8268277,12.07612803,12.08605393,11.6800251,11.7643678,12.3670343,10.10730609,10.94661916,12.20017636,11.2013367,10.7914343,11.63327822,10.57488998,10.8410291,10.8604516,11.01943357,10.00429796,10.00777369,10.24920058,10.17413995,10.16719886,9.965805655,10.08990364,10.30567863,10.12166701,9.974630225
P02776,18.87533475,18.43600568,18.10475963,18.61560312,18.42864414,18.73738388,18.37103508,17.643378,18.35823367,18.46105954,17.35054749,18.24387735,18.63776102,18.21772329,18.01587127,18.13785746,18.11014469,18.32557672,18.42871776,17.9691869,17.46083953,18.43702354,17.30920675,18.24287809,18.38597442,16.74928268,18.53519305,18.51766096,18.43922185,18.45350448,19.65862548,18.08320479,17.60420237,17.95759946,18.34685067,16.94867138,17.58131792,17.94797351,17.8125695,17.41610687,17.92908438,17.89754415,18.62311437,17.89937101,18.56256033,17.01900459,18.09616366,18.35440227,17.9916275,18.18655546,19.56626985,18.06778789,17.81458228,18.21741152,18.43262132,19.4246213,17.8567908,18.14908541,18.14595556,18.08587952,18.51720988,18.14936945,19.1650922,18.09533326,18.19185436,17.8461515,18.0723877,18.04896732,18.00451648,17.72431292,18.67126852,17.87828556,16.61354192,17.73069593,17.96112238,17.01847296,17.99909863,17.98808798,17.98114278,17.60495934,17.5584009,18.51839764,19.51877825,18.60476293,18.59903474,18.3500761,18.25730463,18.74464571,18.38617235,18.44153399,17.48751328,17.81910538,18.46781006,18.11632598,18.14491803,17.4651402,18.05125452,18.21331473,18.20630704,18.57171849,19.32996835,18.27260437,18.30071296,18.65320854,18.19941366,18.15596486,18.1642179,17.97073848,18.52914279,18.73993054,19.34482156,18.33273172,18.45355291,18.50330091,18.63037231,18.23844208,18.54844923,18.22314642,18.62191402,18.35788218,19.04462933,18.39301456,17.30489815,18.23566618,18.3510763,18.60593349,18.48187401,18.38890738,18.33443852,18.19747614,19.34110498,18.44627655,19.48838691,18.8221007,18.71661773,18.17093584,18.4708763,17.92355074,18.45697156,17.92119292,16.47874377,18.3364531,17.99422822,18.62951705,18.45935614,17.65106981,17.96310079,17.87044574,18.07300922,17.84619084,19.17771243,18.25025435,18.11559987,18.56820749,18.30546864,19.02359948,18.72483694,18.21257105,18.32759671,18.01775957,19.40654663,18.30675791,19.15997919,18.13984182,18.4255787,18.0194271,18.35555529,18.42429532,18.12703605,18.43188221,18.03336585,18.15986499,17.98305042,17.97755461,18.13577992,16.89011387,18.32391147,18.5735209,18.18538201,18.2512776,16.62430912,17.09953777,18.34244465,17.10358087,16.97163158,16.07086777,17.4378616,16.99170069,17.15059181,17.74924559,18.14522063,16.47749965,17.11257801,16.54163733,16.52468967,15.71274581,16.41627808,16.443063,16.35943769,16.44892443,17.5401175,18.35877539,17.06951633,18.45960306,18.41895732,18.91112301,18.13037609,18.04420429,18.22402348,18.04530052,19.47133035,18.27975101,19.23759247,18.20499949,18.23290641,18.39938874,18.30385622,18.30310524,18.30246412,18.11970675
P06732,12.46249556,11.1794121,11.19493438,11.24551533,11.18768829,12.39826513,11.07660274,11.45240703,11.18710865,11.23316726,10.63127028,10.4999593,10.09632265,10.52640224,10.18060239,11.48598297,10.29295439,10.20984916,10.33731722,10.48344584,10.25832208,11.23136543,11.46678634,10.47239123,10.98988037,10.59246627,10.64316524,10.87440329,10.81147419,10.95327587,11.09362451,10.26379207,10.84596829,10.16656328,10.36311705,10.41930194,9.665907593,10.3197484,10.20514761,10.46722568,10.4279758,11.13852012,10.68051656,10.88738452,10.82714449,11.59719825,11.02473757,10.72177412,10.99163068,10.68007329,10.31947811,10.95756752,11.59589635,10.79477224,11.07959535,10.82186616,11.28379012,11.05061301,10.93436488,10.91860784,10.19963,10.96698453,11.35825313,11.23755143,11.03413742,10.71305069,11.20257372,11.42305878,11.11243347,11.53478981,8.616244148,10.58247748,9.992851224,10.19561933,10.96637439,9.119369514,10.47463963,10.51612427,10.517728,10.6751306,11.99447442,11.11588148,12.13363096,11.2033798,11.27042194,11.344442,11.3949685,11.30867297,11.2519248,11.42309894,11.64265027,11.44039576,11.05626249,11.40812945,11.31409552,10.46983168,11.41306141,11.45521822,11.36282814,11.41838916,11.99293758,10.60383544,10.39638015,10.46958901,10.58448021,10.60869377,10.77306982,11.00900535,10.5381713,10.63302814,11.54462084,10.93915069,10.41309142,10.65072352,10.76283871,10.9406775,10.64777026,10.54700326,10.68589232,11.03601281,9.663567585,10.08417824,9.461342021,9.925707565,9.873417945,10.28735822,9.79589621,10.09744043,9.872637962,10.02458167,9.601082664,10.41504359,10.42340429,10.63122734,10.35087702,9.719146201,10.26888698,10.14410959,10.32520052,10.43011595,9.789897404,10.06136368,10.45479766,10.84789037,10.4278593,8.950068257,10.23929347,10.47490239,10.14644107,10.29488784,9.718305576,9.996350857,10.14235705,10.21971522,10.04003348,10.6334555,10.27018307,10.14636529,10.33440331,10.47295878,11.22214816,10.48905968,11.37269613,10.47793694,10.51156485,10.54557273,10.82993572,10.48861524,10.81032817,10.25946874,10.14358453,10.86806501,10.65301749,10.54572162,10.16110513,10.51081144,10.51963663,10.73593843,10.51345149,10.97131251,11.08066668,11.14222305,10.87831177,10.88930625,11.081049,11.05093275,10.85399981,11.30893894,11.16591018,10.95177169,11.74811166,11.573719,10.9433834,11.75591271,11.72083979,11.95447773,11.58731974,10.95738718,11.61488599,11.43724745,11.11648642,10.92101329,10.40213088,11.42176481,10.98741764,11.52203223,10.73055874,10.92545205,11.08852983,11.24343906,9.964583447,10.54040016,10.7621355,10.14226353,10.6463988,9.826211313,10.51964419,10.7067565,10.44275229,10.83293538
P06396,9.475685879,10.21004113,11.17258692,10.49217074,10.28340606,11.04293399,10.58335782,10.15902984,10.45067179,10.03856784,9.338427736,9.838263177,8.605573282,9.628360033,9.994479205,10.53848394,10.30429078,10.17715241,9.980969011,10.48044925,9.227592196,10.4933249,10.56073832,10.49104488,10.36348996,10.20151702,10.09935459,10.13638189,10.22038974,10.49875819,10.1599251,9.842107336,9.74934371,9.440145699,9.936946764,9.546443678,10.12214383,9.803303667,10.0055858,10.2222722,10.03804658,10.35050687,9.340930384,10.32525807,10.32807191,10.69231815,10.06557448,10.40776911,10.29671408,10.09523404,11.10266752,10.32305009,10.10642636,10.0145404,10.09199685,9.812726431,10.2225356,10.0574709,10.33166192,10.67204082,11.04314692,10.1611836,11.20218877,10.6161819,10.34823441,11.16004544,10.33688179,10.32616551,10.28226717,9.968248551,10.95124165,9.862580239,9.993839184,10.04950608,9.845739472,9.330863754,10.21761842,9.980651657,10.13380281,9.898668556,9.522771394,9.831136368,10.00549713,9.741645315,9.98072775,9.468571948,9.865798508,9.386270456,9.860398163,9.7137779,9.642906058,10.77775338,10.24000775,10.21761247,10.63478773,10.08713604,10.3171019,10.74725965,10.41419487,10.76838076,11.55618327,10.23230791,10.79032856,9.715248871,10.25551804,10.23463453,10.28865659,10.4003125,10.12467756,10.80612688,9.624611934,10.53286476,10.16178085,10.20601568,10.52138497,10.87351086,10.77290478,10.3224955,10.40546198,10.41125247,9.257702363,9.64018613,9.33716779,9.985341809,9.883928723,10.10522779,9.93211406,9.553596842,9.849787603,9.555028789,9.612532605,10.20678423,11.02746762,10.48808488,10.64069786,9.799056767,10.52551648,10.24587489,10.59005039,10.05693612,9.602734638,10.40516994,10.55580478,10.77116488,10.41593056,11.06456443,10.3409698,10.24927364,10.56642975,10.81315485,8.936888182,10.31443618,10.57127067,10.82298893,10.12691117,9.444522491,10.24820707,10.4361813,10.2829263,10.07472914,11.48356553,10.14643573,9.847859335,10.49754156,10.27160101,10.19815844,10.34869224,10.00693385,10.1010942,10.31837933,9.447721503,10.10369678,9.022568949,10.1493302,10.05296401,9.72920852,9.77590397,10.35425285,10.04645507,10.59154045,11.19567358,9.966875123,11.33274248,10.39182864,10.15675507,9.724450121,9.92229631,10.23446357,10.22750182,9.730241511,11.62976309,10.44495193,9.639632689,10.47346136,10.38620946,10.09311456,10.69301207,10.99578606,10.41500066,10.91676619,9.511319272,10.53643007,10.48721135,10.97262845,9.938445998,9.855973883,10.49901936,10.97083604,10.36516652,10.10610451,10.53777201,10.02811836,11.51224975,9.928171096,10.20888433,9.560352365,10.39279752,9.898051792,10.12056766,9.856508132
Q16620,10.91057891,10.5282436,10.23272307,10.72150468,10.65084603,10.73657927,10.37115625,10.68121622,10.78225921,10.16670608,11.71521007,10.32139036,8.919827581,10.36343593,9.947122628,10.35181254,9.909336209,10.4679708,10.22052286,10.61025723,10.49537645,10.64332131,10.88460511,10.76796099,10.88485917,11.22070134,10.87470658,11.07935539,10.83518742,11.03238656,10.05211559,10.44760928,9.467012881,10.24989579,9.965612902,10.46450285,10.18555756,9.904054649,10.28411326,10.11649765,10.49346162,10.85379589,10.90573432,10.98463588,10.6399667,11.66079325,11.2826875,10.9258145,10.71463432,10.75991732,10.28301659,10.82071921,10.79025143,10.88246239,10.71080816,11.00471099,10.46882555,10.69065188,10.63546412,10.59496999,10.16792319,10.5042815,9.699665115,10.38340219,10.60808443,9.733775612,10.69289986,10.47723856,10.65207946,10.00972601,9.995755742,10.65426426,10.12175379,10.45078644,10.68770582,10.54442689,10.79940159,10.70849035,10.17930701,10.73285253,9.631674946,10.01674867,10.75451203,10.83350497,10.29010738,10.39841485,10.30765773,10.31117636,10.60179463,10.21615716,9.730778679,10.73716633,9.921961296,10.70909758,10.60344139,9.745916489,10.51225622,10.44813104,10.69458045,11.16094418,10.16964271,10.55320385,10.5893052,10.02105467,10.54403065,10.3866578,10.35655637,10.05276737,10.27041228,10.10058814,11.33154622,10.82726965,11.27817651,10.99054351,10.57899002,11.51259311,10.80471693,10.57246071,10.85639329,11.11600935,11.30237896,9.873481718,10.48155644,9.620151911,10.03831881,9.017079902,9.949995498,9.600621153,10.09692513,10.81254391,11.13037345,11.01287042,10.41873451,10.74333128,10.74856031,11.26908813,10.55094103,10.698407,10.82644067,10.16181359,10.96911594,10.31137662,10.25244593,10.82613737,10.14656824,9.899188018,10.01933007,10.41110364,10.18802573,10.42613915,8.37833318,10.4460382,9.963935962,10.65113294,10.38377483,10.20379503,10.27068645,10.28766707,10.40406717,10.28962585,10.85037406,10.46673698,8.960674191,10.33081035,10.66619594,9.612166265,10.91295077,10.51402596,10.36402661,10.31364129,9.961335847,10.54011886,10.37933268,10.96792739,10.50865453,11.01385482,10.21645696,10.48817418,10.47161318,10.76416309,11.34016566,10.88608204,10.28343377,10.51583419,10.60083328,10.85849163,10.57599112,10.56147896,10.59625087,10.58560059,9.905290444,10.81240981,10.16685967,10.19356728,10.88362123,10.14715565,10.93398323,11.40811032,10.80271624,11.23475637,10.27803946,10.83604063,10.56723762,10.78309057,10.72945356,10.54437615,10.66273153,10.7710473,10.77996023,10.75573013,9.664778451,10.0166838,10.89480908,10.43212804,10.1596836,9.816604795,10.14021485,10.05037994,10.16215129,9.771502014
O95388,13.19463902,15.42024199,15.89247217,15.80828738,15.76743045,17.16093157,15.71054901,15.68489102,15.50073122,15.09030077,14.73665039,15.35347777,15.7953487,15.2981506,15.26658735,15.17603719,15.28342541,15.37166696,15.30370329,14.90303297,15.09843744,15.38889973,14.36434766,15.32919943,15.28658353,16.21699104,15.35045823,15.48145563,15.43607115,15.16591175,16.48869481,15.2772203,16.08594419,15.20505405,15.19833601,14.72197824,15.51754063,15.33818979,15.30850968,14.96013799,17.98957603,15.39047329,15.44288545,15.227563,15.09487158,15.26448939,15.69148503,15.8435164,15.40552209,15.1343155,15.31567997,15.26007898,15.52429992,15.19439382,15.22783804,15.87853462,15.58467122,15.02784641,15.33095006,15.61050283,15.22635958,14.95049277,15.51743168,14.89162793,15.20429387,15.28900959,14.85712054,15.10884396,15.08503743,15.55475755,14.8047421,15.5986433,15.99432058,16.03423003,15.45471101,14.84361206,15.65763867,15.68608162,15.48880774,15.15700721,15.70421295,15.54577345,16.33117704,15.55812972,15.50431999,15.81094208,15.55966346,15.74279779,15.41784375,14.26915094,15.45222666,15.34757963,15.16202018,15.37498836,15.48814817,15.4480213,15.45101118,15.55199748,15.34716726,15.53985412,14.56593505,14.97246028,15.20875926,15.33495538,14.9174632,15.19865124,15.28350497,15.17274246,15.00963126,14.85513361,16.25506262,14.99319367,15.67422931,15.3368978,15.3725989,14.81730775,14.91987856,15.13437988,15.04652387,14.76990591,16.40036067,15.59220506,14.44948156,15.18965879,15.36144636,15.68592146,15.53033979,15.63860506,15.48231208,15.4030078,16.14409683,15.00923947,15.52170851,14.65155944,15.02346319,15.22116662,14.72108244,14.83128578,14.65006538,14.84868483,15.41281176,15.08339599,16.56746125,15.29365907,15.15175993,14.26437704,15.08654723,15.21580931,15.23545841,15.44725352,14.72611518,15.50040465,15.39764337,15.03473076,15.27922668,14.66942984,15.37651853,15.19475764,15.4007579,15.12385747,15.95009518,15.48954926,15.60354158,15.89931299,15.75440768,15.77075005,15.78524856,16.16401783,15.75443301,15.577145,15.27195691,15.22559211,15.93919765,15.5646106,15.44923887,15.227089,15.32874892,15.73941957,15.40138307,15.40485583,15.1849486,15.84314924,16.28581635,15.65402192,15.78090106,16.36130876,15.74590798,15.59574071,15.67931352,15.47425078,15.09302218,15.0495605,14.83286835,15.14002133,15.07714569,15.22433154,15.03486351,14.83044827,15.14529091,15.45548169,16.21417457,15.3476433,14.26914126,15.68633365,15.04824926,15.07665573,15.28114598,14.99749682,15.22539982,14.77273203,14.78254895,15.22851104,15.15046309,15.33656753,15.18650448,15.51878755,14.98508635,14.94580623,15.41026161,15.7245003
P51884,11.24048928,11.43717597,11.04215869,11.29616297,11.12058244,10.95052104,11.14729529,11.03976947,11.31920678,10.99807486,10.846747,10.89414957,11.68127239,11.08167939,11.12556952,10.78343691,10.76455388,10.57365853,10.7849449,10.88700413,11.29546568,11.63818483,12.03925339,11.26983424,11.66271113,12.12238866,11.74723916,11.73998285,11.68985498,11.7852937,10.88737165,10.786914,10.23336833,10.78004642,10.98384318,11.82969305,10.48947668,10.73587674,10.81788669,11.23341825,11.69317203,11.45214097,11.75323188,11.3751077,11.13929881,11.09609322,10.92974165,11.25407768,11.47328827,11.06997916,10.56354728,11.51835174,12.12761928,11.26090363,11.2038385,11.78410578,11.69132561,11.53410508,11.41767313,11.11229688,10.29006584,11.15424284,12.47080666,10.614541,11.47426461,11.80158752,11.075534,11.55314076,11.15362842,11.56071744,12.84173704,11.06137298,10.23743597,11.32127397,11.36769153,11.60068159,10.872765,11.09325277,11.05278551,10.92620852,11.20858585,10.91619868,10.3495306,10.54814032,11.0273115,11.26517044,10.70974951,10.81182057,10.83605491,11.41088248,10.25060842,11.26859405,10.88754395,11.24505738,10.78177594,10.99574114,11.44681029,11.16631004,11.23517089,11.32768536,10.91304188,11.15049746,10.06504145,11.14234238,10.85989718,10.39921414,11.03866875,10.46387224,11.21317926,11.33423501,11.38713093,11.49365177,10.66979915,11.74829603,11.49651333,11.16513401,11.77830269,11.19150086,11.46860649,11.35038214,11.63915915,11.21418548,10.80974745,11.11393141,11.29208998,11.1211513,11.1876963,10.67606206,11.11238759,10.9367118,9.972556613,11.18151899,12.26987721,11.18867846,11.18560441,11.44242042,11.21193268,10.8508089,11.18882326,10.44423745,10.5123523,11.05105199,10.2088734,10.49226355,10.57556883,10.96834064,10.78125591,11.2404095,10.83738182,10.61670303,11.7556696,11.17433336,9.919440593,11.12615568,11.14885905,11.20114079,11.33156577,11.34287713,11.3983513,10.97405156,11.8392071,10.99042433,10.62172685,11.37050845,10.76092363,11.51219764,11.22247209,11.16446387,11.12593682,11.19363895,10.85298634,10.99247551,12.16758442,10.76770058,10.89689532,10.86456374,10.99741035,11.26755053,10.77952759,11.07209871,11.13809756,11.34026273,10.87638827,11.13015406,11.08668541,12.3351773,11.10408386,11.03283475,11.26054191,10.93554558,13.31547038,11.93724496,11.38920601,11.62176622,11.44928427,11.22216632,11.58636617,11.37268477,11.67805535,11.05035843,11.48869454,11.48394769,13.14653496,11.40426059,11.58952643,11.22915403,11.65403637,11.76566951,11.37356432,10.90621505,10.72415337,10.74022972,11.94673869,10.78514242,10.88198602,10.47442262,10.67566067,10.34296434,10.73311157,10.96779438
P02649,17.35480959,18.25494658,18.32615254,18.07915209,18.25931167,18.4953701,17.99466251,18.31364433,18.17418323,18.23356708,19.08115791,17.83314881,18.28994923,18.25263054,18.22343422,18.08910401,18.41043723,17.69067914,17.87669024,18.19028881,17.78588499,17.86325395,18.11871595,18.20749282,17.96713181,16.90320459,18.23755547,17.97373173,17.97121235,17.62407928,17.60162807,17.88088555,19.28452993,17.74536462,18.02355782,18.06846587,18.01757797,17.80556992,18.07363539,18.10520516,17.14271931,18.30963535,18.41282994,18.02595217,18.10490803,17.17171672,17.65379965,18.0716037,17.99176827,18.13970987,18.43283409,17.91362723,17.34714473,17.83030127,17.6375496,18.36700931,17.93434255,17.65307781,17.93614417,18.1943912,17.2779981,18.22152429,17.40818742,17.97703208,18.015424,18.45747507,18.402162,18.39361828,17.96106382,18.40888743,18.79369956,18.04422313,18.66870731,17.9524887,18.22906857,18.53285612,18.05167689,18.3070916,18.16167309,18.13929783,17.89804619,18.0967807,18.02175497,18.15622303,18.27609009,18.48371698,18.22163501,18.5281322,18.11219224,18.23151654,18.08001233,17.88020059,19.55255345,17.93762561,17.66023481,17.67526749,18.22469118,18.08420108,18.00812583,18.00671952,19.27220394,18.30249463,18.45695785,18.92651534,18.64773973,17.9238567,18.53275107,18.70067195,18.51112359,18.53089966,18.73708686,18.04180751,18.37900712,18.11443774,18.25365998,18.24080537,17.79713835,18.05285571,18.30078099,18.39849726,18.17881363,18.5135027,18.20964647,17.90548557,18.31334124,18.31947781,18.19453901,18.25102517,18.27387346,18.43986764,18.83053453,18.11656591,18.16954874,18.16681425,18.62909586,18.86838258,18.0507327,18.66269169,18.14402471,18.15856346,17.01469429,18.14076382,17.93435616,18.0840098,18.303164,18.50562328,17.74650862,18.31215491,18.32942613,18.22743902,19.88876411,18.20419393,18.2348779,17.8428431,18.0956007,18.04331903,17.96060842,18.16007716,18.07100208,17.59957145,18.64622642,18.26486126,17.47372818,17.99832752,18.03145802,17.0609008,18.27237277,17.76282934,18.0787959,17.5476573,16.29625036,18.32366598,18.5877007,18.00467093,17.903156,19.6252137,18.21228439,18.29435635,18.26691889,18.32615912,19.08972251,18.1245254,19.22384898,18.67398923,18.18592981,18.2744187,18.12600312,18.73056922,18.50203157,18.29740525,17.28680679,18.19450954,19.12883154,18.02157667,18.19451053,17.76981638,18.27887165,18.26377637,18.1537279,18.28476826,16.5254258,17.94607739,18.17281485,17.96235568,18.14110395,18.36156755,18.24401334,17.77691147,18.05763656,18.41871953,17.80081931,17.61766936,19.03713323,17.77694637,17.78106686,17.53476532,17.67698575,18.0797307,17.89406388,17.95055285
O95711,15.84851425,15.12503175,15.21985058,15.21878788,15.20779785,14.18569882,15.06592261,15.02433637,15.41228086,14.87393707,15.30604187,15.22835572,15.26303318,14.64856032,14.9173563,15.79073679,15.25146739,15.10672254,15.16316172,14.7799027,15.3821302,15.03782991,15.33870355,15.11352569,14.93795597,15.58638665,15.3392313,15.23271898,15.219026,15.00888826,14.80578301,15.08679522,14.66328417,15.47856573,15.07941603,14.73258731,14.87654312,15.06925196,15.06557411,15.24950316,16.28838326,15.07853283,15.50202658,15.78113443,15.10159547,15.91656709,15.38448137,15.60488178,15.2410196,15.27109869,15.23121988,15.24640308,15.49624765,15.51561325,15.16951331,15.65179847,15.35047613,15.1478886,15.20447515,14.99389378,15.84604079,15.0505021,14.10908398,15.14828955,15.08085238,15.62905672,15.09476584,15.33845683,15.00350715,15.15840309,16.43689546,14.9982025,15.25278669,15.18082011,15.25697418,15.81510095,15.28448443,15.53799663,15.16931904,15.22996113,14.18591478,14.85232732,14.18854153,14.92008855,14.94170027,14.23418108,14.99786171,15.255935,15.07536843,15.66027062,13.98698566,15.34259461,15.02977945,15.34836293,14.91884679,15.44657321,15.3174401,15.10492416,15.13016446,15.38796262,16.12427266,15.04674863,15.4197551,14.63540319,15.02025913,15.59309638,14.56166738,14.48500129,14.96546817,14.91098297,15.9188628,14.96641821,15.14754685,15.10549609,14.89764711,15.16376183,15.21868423,15.01005322,15.05014938,14.96950905,15.32604575,15.20321937,15.1370604,14.99274128,15.26267003,15.75441229,15.34740307,14.78467864,15.08450956,15.32564325,15.03101164,15.06159843,14.49828091,14.92700285,14.90429128,14.47737619,15.0554709,14.88634402,14.92711259,14.96540334,14.76767359,14.78238071,14.75241661,14.87104437,14.77115246,15.62266081,14.88456418,14.82615783,14.85900322,15.02071203,15.33331377,15.30890402,15.82329679,15.11756528,14.82570235,15.05890454,15.04728064,15.05428021,15.0359957,14.8047333,15.55443149,15.30966529,15.48258451,15.2350259,15.34717424,16.24531615,14.96172931,14.8336884,15.387666,15.82296041,14.3543747,15.38588503,14.01330326,15.13677026,15.16578703,14.55779336,14.88850095,15.20684642,15.0847483,15.09387004,15.90522503,15.44291206,15.29908613,15.76061631,15.40228021,15.7601687,15.31470751,15.01616849,15.62907899,15.54649889,15.78012419,15.05063859,15.17755324,15.25490168,15.06832516,15.10803871,15.36580211,15.15596694,15.18902743,15.14607482,16.29928824,15.39343064,14.22953924,14.98404877,15.18250555,13.88940898,15.18228224,15.50261553,15.06026379,15.06340094,13.32798183,14.90786939,14.44081224,14.9538356,15.27345684,14.89685331,14.98915475,14.95079183,14.91815297,15.0234061
P02765,12.06333678,11.99195479,11.87982244,12.06257714,12.104761,11.70383464,11.92934607,12.16391262,11.98936279,11.86424948,10.74192143,11.54430032,12.63845251,11.83094058,11.74800893,11.36019316,11.56547846,11.8566333,11.67865605,11.42977271,12.97613762,12.18781529,11.20114029,11.90638939,12.12321793,11.71827222,12.09388307,12.19146021,12.0250774,11.9209285,12.67307778,11.93343472,12.2530279,11.85114615,11.73982047,11.72440172,11.99786753,12.09408934,11.75261183,12.17803511,12.10925837,11.95213989,11.8301457,11.73220218,11.7299046,11.20054833,12.21419169,11.74091463,11.82472886,11.76506075,10.8632042,11.9440287,11.83353816,12.01002846,11.8329392,12.25107779,11.89867034,11.86697689,11.9709507,11.38303588,10.70705745,11.70648735,11.55718177,12.08171571,11.90861813,10.7340548,12.52411129,12.03451142,11.94652195,12.18620401,13.08382917,12.02110004,11.9613748,11.31442781,12.0006101,11.83290597,12.01687078,12.10083777,12.14192557,11.81603244,13.10646601,11.8260102,11.97071323,11.49753122,11.9696014,12.1045485,11.86752568,12.32464866,11.89914423,12.58623965,11.41969065,11.98884487,12.27238304,12.08253155,11.8150702,11.2054987,11.80744669,11.95473094,12.00504966,12.41018534,10.75763617,11.83018853,12.54591847,11.81789275,12.04733353,10.94406502,12.28732158,11.93968823,12.11077517,12.03303376,13.07002444,11.75590872,11.10248988,11.68636692,11.59936029,11.16675626,11.90098643,11.493321,11.60001329,11.53342122,12.14861322,12.03140867,11.48717678,11.47188603,11.95524084,13.00930344,11.69449466,12.15184617,11.86065879,11.74701227,11.4728752,11.95058231,13.41652904,11.45547932,11.66376522,13.22860675,11.71495094,11.82320284,11.91512809,12.33123794,10.89843958,11.78562161,11.15897333,12.06908439,11.56096701,11.31361085,11.50740294,11.64706773,11.60775807,11.12292613,11.75768093,12.12363619,10.61891507,11.93963039,12.18430317,11.0220364,11.59993617,11.92862454,11.83810423,12.0031671,12.34307177,11.99049315,11.55105248,12.00358816,11.60177013,12.08150472,12.18138659,12.25752809,12.05304229,11.96767978,13.52611029,11.64161339,11.15092514,11.9747028,11.86038123,11.48989916,12.17253633,11.47041326,11.79215177,11.86812756,10.57202302,12.03619409,11.28752713,11.75624494,11.71073238,11.97784862,11.89946798,12.03639607,11.8728581,12.01432788,11.33933139,12.05100552,12.02904094,11.84181159,12.07009359,11.8442018,11.94529989,11.49597674,12.08968079,12.2270664,14.16050435,11.70454055,11.6016626,12.38792999,12.08508013,11.61992337,11.76359154,12.37286397,12.01437887,12.39395958,12.25082078,11.4785961,11.38113874,11.73925685,11.77242512,11.34672856,11.72970935,11.35776009,11.54190607,11.00884573
O94779,10.35211002,10.32087276,10.87271162,10.9461192,10.2270167,11.18938416,10.65979858,10.84618353,10.58355617,10.40930523,10.08317393,10.23559973,11.49106984,10.35024305,10.18548899,11.01157759,10.29602428,10.21465484,10.25044202,10.37159963,11.31972698,10.78516702,11.28215288,10.37458499,10.64348386,10.58674425,10.33631072,10.43160034,10.59213525,10.72771145,9.739622745,10.00484911,9.940158875,10.07541673,10.39604619,9.926000115,10.04014551,10.07346674,10.15178712,10.02884553,12.11744298,10.37376229,11.029541,10.73890952,10.84619928,11.85615996,10.17176159,10.70461184,10.41103399,10.99725642,9.999440682,10.55948456,10.94992726,9.93203437,10.38328294,11.5187281,10.73537477,10.32739857,10.37619092,10.51412271,11.45282205,10.24053711,9.739472625,10.12076355,10.6239001,10.44505543,10.6913744,10.59354018,10.39858792,9.475158095,9.879124109,10.08062978,9.941737608,10.6747008,10.01476143,10.36295125,10.3707004,9.978618527,10.18820482,9.961143664,9.642824699,10.27034764,11.34660296,10.25108539,10.2477581,10.56502054,10.28826065,10.43199168,10.13369875,10.1300399,9.945172939,10.55918397,11.13864068,10.41273034,10.64025448,10.24462562,10.27583825,10.56075488,10.60945757,10.30062416,10.46801635,10.43259472,10.36014594,10.04250073,10.19229922,9.876375291,10.3865831,10.0548321,10.33558521,10.45259757,9.838654726,10.26384774,9.869152415,10.52272621,10.50375462,10.04174656,10.57800929,10.4420229,10.48276983,10.53579818,9.709057397,10.19761982,10.59183023,10.43702697,10.25222215,8.727114751,10.03593574,10.28752285,10.23337668,10.58565387,10.36942133,10.32900199,9.533000873,10.42978904,10.36172121,11.27493582,10.47714503,10.448737,10.45256627,9.60179956,11.10755656,10.22671708,10.32599649,10.60225162,10.21533043,9.468109212,10.23143599,10.02090272,10.30679283,9.904639569,10.16922832,10.36272689,9.270662867,10.62430005,10.04816624,10.50616922,10.11092484,10.40280604,10.35897167,9.958211121,10.86598578,10.46692851,10.929592,10.15754535,10.54053848,10.62741979,10.89305047,10.43374691,10.41103168,10.53540365,10.80852663,10.39290031,9.886126832,10.68252317,10.34189452,10.70271274,10.57561741,10.36464109,10.26271113,9.857408183,11.02503235,10.73989875,10.77457665,10.77949894,10.68733621,10.71535172,10.87903695,10.49595962,10.52041504,10.49667169,9.958991422,10.37453734,11.04902145,10.51024975,9.957093202,10.28574929,10.16228384,10.2406113,10.34556424,10.57679918,10.58962153,10.39228593,11.06856214,10.688961,10.14680677,11.06317395,10.29805873,10.52503559,10.23119637,10.16710785,9.921163661,10.12613962,10.32943591,10.1476613,10.32423922,9.915502157,9.975018173,10.40538069,10.1051711,10.12797834
P02775,15.85626012,15.85477268,16.68702298,15.65040972,15.68564452,15.66586517,15.84456439,16.31689793,15.7773211,16.02712092,15.34509945,15.66619298,15.90765054,15.84705755,15.84541165,15.05479779,15.64479046,16.07846345,15.58664266,15.44433403,15.60324543,16.08720386,16.31177431,16.06336589,16.43083243,15.40730094,15.58194884,16.31116314,16.12249281,16.10344633,14.53447477,15.01434625,15.62385936,15.18214265,14.83003875,14.46030034,14.8760301,14.81311788,14.99616291,15.05871573,16.16131365,15.26313441,15.79690301,15.48308065,15.13413468,15.28794067,15.37940155,15.66322177,15.46746371,15.56797857,15.17292234,15.70395538,14.32875126,15.80753008,15.71155221,15.28639692,16.04978078,16.12622494,15.7922917,15.46742504,17.21083151,15.79185874,15.22655428,15.56813947,15.28258591,16.31060934,15.68877371,15.78494657,15.64620433,15.71507985,14.12609603,14.95039501,15.85567595,14.83424381,15.19309695,16.31487539,15.24864179,14.994461,15.08645423,15.33665342,17.41433537,15.81017656,16.38321783,15.69935502,16.03359097,15.94691984,15.60385003,15.46565684,16.0892312,16.39469175,15.56266353,15.7082837,15.53322521,15.36630329,15.32493433,15.55539562,15.51447554,15.55382323,15.57473139,15.97412616,15.98237347,15.64551118,15.9690383,15.82675928,15.60840253,15.14703593,15.20835186,15.67210899,15.58235147,15.8334055,15.09732411,15.7436138,16.56080789,16.20327452,15.87868675,16.77575016,15.59417386,16.11460769,15.8544433,16.1980214,16.08671183,15.93846089,15.90746379,15.84434458,15.8477583,15.90258088,15.7415491,15.76842835,15.74999506,16.05951758,14.79293353,15.99765241,15.75506969,15.73764072,16.18839335,14.94501213,15.82459966,16.07165087,15.90919009,15.4739498,16.05075617,15.50590246,14.42216256,16.16191519,15.68131038,15.3348052,15.23641569,15.37989343,15.45734391,16.23304602,15.52034928,15.42747794,15.36485574,15.26685697,15.55960709,16.23631061,15.62037164,15.66096558,15.53886359,15.25798151,15.54793982,15.60059491,16.87761157,15.75658829,15.11606137,15.19028541,15.50644378,15.33831019,15.48308685,15.34843569,15.9122484,15.48321296,14.84915337,15.06808551,15.99364544,16.06975893,15.08996115,15.68397806,15.66850934,15.94123439,13.97351259,13.74350924,13.56797395,13.93037178,13.37727712,13.73039414,13.5089732,13.53231581,13.66976935,13.6590603,13.59462186,13.52948246,14.16772696,13.03150243,13.75353318,12.834631,13.4898749,13.53091622,13.39662009,13.81852693,15.36624791,15.70763807,16.51834369,15.6976822,15.82158789,17.06508788,16.15078066,16.14362777,15.79325109,15.59493359,16.02857556,15.58906234,15.31910571,16.01736417,15.38306592,15.74545606,15.73571796,15.76787624,15.81495359,15.37748324
O00339,14.50691458,13.96361789,13.79632561,13.79427915,13.99093733,14.92912654,14.36067071,14.39961487,14.06777729,14.08576304,11.57517168,13.62967968,13.70423264,13.84250614,13.71906133,14.33327461,13.49354244,13.39471945,13.52479823,13.93468894,13.26374181,14.23943387,15.14718976,13.80134089,14.22866849,15.02683526,14.45950045,14.16065698,14.33892639,14.16506729,14.19402123,13.66889165,14.06224262,13.74314362,13.9312274,12.82122168,13.73980753,14.18071824,13.80226862,13.57546346,14.17467409,14.24256703,14.02735556,14.24474713,14.16790281,13.50707074,14.45133463,14.4033273,14.29910154,14.03840462,13.34172989,14.16813906,14.66110627,13.64268404,14.01360742,13.16148845,14.30321874,13.62947693,14.05774915,13.79015215,11.84208311,13.87564736,14.75795253,13.30316772,14.03272328,13.31425887,13.80135799,14.3084243,13.87182957,14.01550979,14.5835371,13.94568606,12.90750949,13.89914204,13.88829928,14.05015186,13.90785703,13.72430516,13.81094991,13.54952546,15.55123246,13.75541878,13.82164475,14.37727329,13.81031152,13.41863396,13.68886252,13.88805569,13.87699386,13.48722743,14.51584211,13.8659343,14.25439618,13.97748543,13.89095917,13.90538951,13.95007737,13.90856995,14.05803978,14.02683209,15.77288908,13.33850423,14.35708118,13.70025295,13.57533612,13.94959655,13.84908425,13.79147256,13.66899273,13.3676227,13.53992775,14.59653159,16.48194503,14.64080707,14.33727443,13.93625183,14.03205699,14.31255161,14.23805705,14.0633251,15.00589797,13.97925338,14.33431919,14.22291104,14.13067988,14.28184121,13.73588227,14.01036509,13.80054635,13.68603189,13.81055176,13.96751491,15.21155133,13.59040888,13.64694706,13.37516844,13.78246644,13.55387593,13.77519033,13.74371989,13.33659448,13.80681618,15.00749159,13.73213619,13.62723476,15.03214444,13.62285317,13.79713748,13.70412274,13.66729137,15.5170976,14.16907093,13.25509759,14.66496785,14.3016042,13.58873052,13.81888727,14.40233067,14.25577196,14.05423361,13.26628948,13.72340045,14.26225579,13.71566717,13.88332081,14.33594564,13.49181513,13.75379355,13.77624058,13.57510918,13.48929426,14.08900546,13.71625923,13.96075582,13.80093997,14.92160676,13.88797023,13.97541952,13.69381756,14.3714597,14.29789086,13.66569076,13.79951123,14.22593579,13.65610848,12.96801165,13.73180148,14.01815199,13.79827909,13.98420061,13.00374553,14.15521857,13.95157397,14.4509949,14.33441906,13.21863458,14.22747007,14.17834424,14.09574004,14.72115887,14.33124879,13.9319639,14.31134443,14.02640538,14.08911889,14.29142917,13.95342055,14.18569402,13.95899667,14.2065022,13.09332389,13.68965974,14.24127808,13.41547249,13.78359475,14.15015738,13.78419577,13.76471664,13.64528542,13.66931113
O95445,13.89036547,14.08151843,14.97167549,14.25011538,14.21413823,13.80102751,14.01568552,13.41034081,14.08999811,14.20028546,14.63675381,13.95404172,12.01022346,13.38797536,13.16717756,12.59122499,13.52531758,13.68117069,13.56413926,13.89259599,14.35284897,14.34233763,14.63707014,14.14588771,14.31757664,13.30176121,14.22462778,14.19524395,14.3950741,14.71136342,13.48639153,13.4742671,14.55170822,13.65801172,13.54063229,14.02427337,13.89899899,13.43530393,13.67607616,13.49163958,13.32952458,14.1309902,13.95402814,14.21764576,13.92501017,14.46730729,13.72118076,13.80334213,13.8884807,13.48325072,12.88654294,14.37041533,14.03999903,14.11560793,14.50068045,13.10625408,14.03546447,14.15339497,14.14768413,14.25424267,12.81902754,13.59353365,14.02299555,13.41860432,13.80031399,14.60249363,14.01481955,13.82387568,13.51500341,13.78098241,13.86758901,13.67506667,13.95165858,13.76584028,13.77957998,13.10105048,13.69276152,13.62755769,13.75605,13.80820097,12.87941547,13.56854901,12.40543303,13.85469116,13.61303084,13.68881753,13.5435326,13.74050595,13.64118642,13.34494757,14.97456103,14.29581608,14.12852259,14.37349589,14.19613428,14.22709529,13.94753352,13.88115983,14.30294944,14.86990921,12.90338426,13.61124566,12.16049428,13.50982794,13.59326847,13.4568357,13.25656942,13.69008026,13.52845637,13.68811673,14.70232375,13.60267483,14.28585174,13.44328563,13.57944846,13.86522219,13.7022304,13.8799455,13.75161823,13.15963323,12.08065419,13.30750782,13.58704155,13.80611843,13.33858545,14.49268444,13.40887389,13.25127877,13.37845464,13.10946713,13.88971521,13.67703259,13.05493719,13.82507916,13.26617814,13.14130895,14.19344955,13.81382656,13.92078376,13.93505199,15.09570518,13.68225749,13.69422778,14.04276278,13.89245867,13.1181654,13.5330488,13.52260943,13.59580666,13.34801695,13.95134891,13.47195903,14.15169609,13.70020623,13.48644241,13.97583295,13.47733545,13.74339997,13.58994791,13.90131109,12.92080321,13.89399485,13.49057504,14.13526701,13.89731039,14.50076,14.16277747,13.18355513,14.04165596,14.04161924,13.73651275,14.06799656,15.35190295,14.18209829,13.85961935,13.98243989,13.79185031,14.1620479,13.98304069,14.18231051,13.93384425,14.34178071,13.92984526,14.09191199,14.47096617,13.98773336,14.19246927,14.64745094,14.32693646,13.78728505,13.66845084,14.26962209,14.43405691,14.10797203,14.22018127,14.14804674,14.02482871,14.25114005,14.20588617,14.48023429,14.47532068,13.72755785,13.57316692,13.8615323,13.66900707,13.30446776,13.48615668,13.73163875,13.83054104,14.21508991,13.49788746,13.56273978,14.69720203,13.71084253,13.6439069,14.99771704,13.47849464,13.85304493,13.44837991,13.62176828
P10915,12.04048473,11.88297808,11.49916943,11.89869433,11.91152316,11.85745317,11.92161476,11.73120514,11.71955606,11.11896212,11.47498608,11.16500789,11.15833971,11.42470332,11.31868104,10.27998179,10.84676712,11.260615,11.15066234,11.28435835,11.92466289,12.81631998,13.00934742,12.73823055,12.69335853,12.52059568,13.11855894,12.75652295,12.78585137,13.36641864,10.76166756,11.15605584,10.74233135,11.15498078,11.5056318,10.45299652,11.49884928,11.45579864,11.14087819,11.02629971,12.9200383,12.52880042,11.73351557,12.79053699,12.55918513,12.64673743,12.14979253,12.49560136,12.55185584,13.09638673,11.9211259,12.26541576,11.36719159,12.24499649,12.48868989,12.3891661,11.93142913,12.46489069,12.20574923,12.18428139,11.05037235,11.01799976,11.10250329,11.22085738,11.28773435,10.89553213,10.9524371,11.15230282,11.00251845,10.93948661,10.60092721,11.29200903,10.1868959,11.47213699,11.40097594,11.39875265,11.44097228,11.41433396,11.06948975,11.28079967,12.15263658,11.44447413,10.93859514,11.49377943,11.51421276,10.81854459,11.40905706,11.89506109,11.79034005,11.29978265,12.56298602,11.766724,12.33279122,11.42959502,11.47187476,10.18619263,11.70020944,11.67057606,11.76569741,11.75490583,10.8813584,11.11781708,11.64357185,11.59499959,11.37540052,10.72855114,10.64879923,11.10808983,10.99538391,11.52932883,11.21555702,11.74474036,11.25093827,11.58957108,11.76180113,12.03689675,11.76077727,11.79862695,11.81357725,11.81556804,10.28672322,10.78751086,10.94724406,10.7051188,10.72055951,10.82460532,10.89830861,10.91319244,10.91421705,10.72311464,11.4890892,11.06728383,11.20888284,11.02161884,11.53205272,11.00909021,11.43773195,11.26362188,11.26072661,11.09315395,11.34921464,11.2839649,10.62879176,11.41000883,11.24611202,10.89768332,11.40227985,11.33715696,11.34847496,11.21159772,12.01262314,11.95346182,12.24559877,11.86723566,11.68269271,11.97809403,11.97715278,11.454245,11.98433209,11.50379508,11.92945555,12.18452624,12.26103261,12.60053736,11.61076759,10.78493955,11.80114603,12.56680209,12.11804538,12.06762912,10.83403869,10.99918972,10.59835627,10.78861423,11.13674338,11.89881938,10.79121001,11.22870711,10.95946955,10.43928516,12.66814765,11.03456818,10.10888242,10.60652199,10.90413046,11.74182384,10.8611743,10.92606044,10.96823951,10.71711223,12.29525371,11.21905268,11.1233005,11.48548434,11.50372656,11.25912405,11.09303727,11.53029396,11.36171238,11.03425771,11.5093695,11.40249383,10.91794317,11.29832852,11.3342502,11.76254872,11.29247006,11.41063902,11.25130924,11.76762762,11.58462926,11.16165987,12.10640903,10.64706717,10.72375319,11.15285223,11.26407823,11.10166828,10.86679874,11.13385342
Q14515,14.62096444,13.80592955,14.34584514,13.47033798,13.72965814,13.70103944,13.85607465,13.77326495,13.83174144,13.74957881,15.1309933,13.82883494,14.50222443,13.67053278,13.78339785,13.4567995,13.56166162,13.50048896,13.38019433,14.40005011,12.61942479,13.46413423,14.96157079,13.53654733,13.72484438,14.57860164,13.32727713,13.3486916,13.48726486,13.71749007,13.33901786,13.75598551,13.63909922,13.23335146,13.42750919,13.19811024,13.43442063,13.41488845,13.50278633,13.72096344,14.24865766,14.09658361,14.10480924,14.4132604,14.03000046,13.71335169,13.94138533,13.88274944,13.92587454,13.63080717,13.55775862,13.80042557,14.5788706,13.98298543,13.67438628,13.82465589,13.71118364,13.65945917,13.83191913,13.90379589,14.26660706,13.39047138,13.07206922,13.57631411,13.71309297,12.54918709,13.66708862,13.03228406,13.48356902,13.41332079,14.36941498,13.29111446,12.89511991,13.71362173,13.70814415,14.17460425,13.65355233,13.68810646,13.63104777,13.64624634,13.03639354,13.40230916,13.38196523,13.42204355,13.53754206,13.24655808,13.00969183,13.48851142,13.20680562,13.00725617,13.38449612,14.04679291,13.44148137,13.9379844,13.62535131,14.27858135,13.91473978,14.03639161,13.7186099,13.3428987,12.87193509,13.16419101,13.27066901,13.27732588,13.11522771,14.10132531,13.4783523,13.08162224,13.33160981,14.02174061,13.32617712,13.77834861,13.46744845,14.19550275,14.08349522,13.19790448,13.94215017,13.8926656,13.76135484,13.79330463,12.926954,13.39554959,12.28081021,13.21478198,13.30825173,12.85461973,13.64494365,13.0431941,13.47903836,13.24089483,12.19732897,13.73576771,13.63448763,13.74664319,13.97757696,13.76353053,14.30033616,14.03063998,13.78213905,13.96412482,13.86039333,13.69053819,14.06800486,13.44870496,13.36133689,14.13167579,13.46473882,13.43403254,13.604651,13.49375753,12.37923818,13.40627079,13.133845,13.73837059,13.9870282,14.02611693,13.33790065,13.25366398,13.29078337,13.53631294,13.30412064,13.38196395,14.6623078,13.72441456,13.63530153,12.86337334,13.65913877,13.48413241,13.73834061,13.17164958,14.37784329,13.8733172,14.51742777,13.45806493,13.64658186,13.60544309,13.65521706,13.53526619,13.56393211,13.17348786,13.42590827,14.04475367,13.70652872,13.74648224,14.08299014,14.07022103,14.12766026,14.17875188,14.09409093,14.33955286,14.05803117,14.00755585,14.62212564,14.327532,14.2803986,14.91353018,14.01962461,14.00689663,14.34015957,13.94950207,14.09419803,13.72703424,12.52491119,13.76006604,13.40743206,13.50099324,13.61110433,13.58388667,13.54747801,13.49621212,13.01913501,13.24908783,11.93386731,13.77112974,13.16955593,12.98611911,13.41409291,13.03906064,13.16361807,12.81651204
P11362,9.814636479,10.25177506,8.907416041,10.48126575,10.44569714,11.06526925,10.70445236,10.39420314,10.41158366,10.4509742,9.244168182,10.20328311,10.6263377,10.3840948,10.20602302,9.826110537,9.995754803,9.992947003,10.1573288,10.16964285,10.42517008,10.4214111,11.24506393,10.24971105,10.39240938,9.914588778,10.46206941,10.39311681,10.66318929,10.6415566,10.66710535,10.22796803,10.22743727,10.56461987,10.29517898,9.512209202,10.25209366,10.28879842,10.42148512,10.25039874,11.12174154,10.67026448,11.0502058,10.79452287,10.55494908,11.06570683,10.69234417,10.58022001,10.64816722,10.55055758,12.47316578,10.81415355,10.60291731,10.85878312,10.75152233,10.91833848,10.6229631,10.47567491,10.81120075,10.78396522,10.68888569,10.44080086,10.54433583,10.33669448,10.38811718,9.808658558,10.22885302,10.06162409,10.42181005,10.94795976,9.371352568,10.30305697,10.43766861,10.5851453,10.13179061,9.552367944,10.18327318,10.11666941,10.34156419,11.05172919,11.11462394,10.36477557,10.06734475,10.26869563,10.42794226,10.6892212,10.26017076,10.44773066,10.28214469,9.794929031,9.966892939,10.53729627,10.4157342,10.67415302,10.65953052,11.07583466,10.9512215,10.37329035,10.59596103,10.50880707,7.654406411,9.930739985,9.179422519,10.349508,9.521159354,10.66582167,10.0231608,10.28582093,9.976535314,10.36192067,9.677400867,10.53081369,11.18751416,10.56850359,10.54963929,10.65770155,10.85444576,10.51437881,10.68537611,9.987996466,10.53403299,10.22211496,9.29680695,10.57497176,10.11993235,10.09334466,10.8469534,10.07952165,10.26846239,10.32153801,10.47601585,10.63998072,10.56922406,10.21131272,10.42267938,11.17013363,10.49320246,10.80320715,10.53624292,10.68330075,10.59516629,10.58400456,9.01756942,10.4496852,10.50522371,11.23001303,10.02419148,10.43853203,10.27275111,9.949771374,9.458855799,10.79610719,9.633200754,10.71448584,10.70383341,11.05191971,11.03806364,10.93965889,10.56009353,11.30946639,10.18514394,10.43995316,9.332538219,10.55117074,10.17409994,10.04621027,10.16629043,9.806048299,10.47511759,10.82221509,11.31130632,10.46013648,9.885107737,10.46291284,10.47159835,10.51535631,10.73570156,10.72265167,10.42982317,10.20751727,10.7475003,9.920881599,11.1185717,9.700378901,10.49710049,10.49108117,9.969664972,10.28418086,10.10209174,10.42479855,10.1435869,10.86571435,10.56843799,10.83887164,10.88719826,11.10593023,10.2251745,10.44658952,10.77241277,10.83201367,9.341815126,10.54235785,9.946245917,10.58918039,10.73445574,10.35728034,10.64364459,10.62711885,10.59785235,10.29685493,10.65989987,10.19998494,11.08595401,10.32764077,10.23715633,9.7335662,10.1654315,10.35608584,10.07971448,10.03661642
Q16288,14.59351187,13.79566905,14.90280449,14.17548788,13.90163799,14.0766538,13.46377445,13.93420612,13.81947757,13.72789241,13.05210127,13.46450518,13.8740635,13.13641223,13.35365457,13.30835562,13.5893397,13.58872415,13.44067974,13.02460442,14.2204077,13.69637189,13.16317683,13.29582975,13.51964781,14.52502605,13.81374931,13.38719839,13.87904516,13.17410945,13.29737245,13.66901545,12.58084627,13.62661641,13.7073378,14.5804194,13.74334536,14.02546056,13.40628835,13.29287206,14.63566394,14.11645955,14.20910509,14.09952336,13.73046228,14.55091141,13.41510608,13.8875616,13.8472066,13.46855143,15.25984321,13.88989375,14.16514519,13.97776923,13.97390035,13.35306748,14.15491674,13.95622197,13.86824098,14.1599067,14.29649981,13.8387733,14.10732854,13.94731475,13.7735217,14.2885164,13.86885975,13.92785984,13.80518503,13.79416508,12.20699368,13.78095899,13.57053297,13.65122716,13.52896652,13.71132351,13.34640537,13.2818787,13.63789752,13.06399551,13.33899825,13.24279483,12.59524045,13.36739578,13.21119089,13.74127118,13.64686102,13.3378608,13.18168378,13.08251235,13.3798909,13.94357484,12.97401555,13.75036062,13.67289417,13.19156973,14.08587066,13.43574279,13.93683576,13.97851868,13.4305587,13.6473896,13.55514962,13.47618487,13.31003667,13.83360469,13.3481903,13.56219223,13.56190588,13.91119274,14.51277464,14.03224555,14.06694161,13.80225088,13.88875813,13.02223023,14.00781451,13.73761845,13.98468487,13.17892605,12.77933903,12.9778311,12.77025008,12.72854097,13.16740193,13.35764035,12.8322431,13.43581671,12.91807375,12.93978677,12.42130537,13.47529302,13.97696592,13.63526297,13.3606067,13.60719409,13.55009584,13.69840276,13.35691342,13.73823917,12.40045605,13.46556594,12.57688226,13.47861892,13.05589526,14.26606865,13.33957042,13.24193035,13.43605252,13.65400507,13.20979631,13.64168662,13.58923208,13.79823752,13.44516839,12.98459229,13.59390928,13.45388754,13.53339372,14.14686726,14.03579673,13.48813065,13.6133055,13.50152598,13.42411945,12.520734,13.46326741,13.7705373,13.63468688,13.7135705,15.06584714,13.63875918,14.23589885,14.01785936,13.94874074,13.92777589,13.79693518,14.30150117,13.8353369,13.8050083,12.65096561,14.18581904,13.7641709,14.4419684,14.14539837,14.47021763,14.46137942,14.20396481,14.26939493,14.32897721,13.84597801,14.17180307,14.44251101,13.88869053,14.13229029,13.77352099,14.37467721,14.0863621,14.20466129,13.5634501,13.4814192,13.77426705,13.02708741,13.58641673,13.95153366,12.38782324,13.90261928,13.5583088,13.75765974,13.77664681,13.97276933,13.36896313,13.32668464,13.39611796,13.39715274,13.45619026,13.51458982,13.25582177,13.44370279,13.96999469
P20783,9.105144749,8.785021289,9.144053401,8.77854206,8.931040183,8.183116186,9.207640257,8.612725383,8.842359999,9.136891143,9.019411959,8.842441276,9.198028014,8.569818015,8.922349072,9.985894982,8.838707793,8.956320109,9.017405859,9.175956418,9.542243869,8.863018577,8.765481413,8.619543022,8.617561045,8.909903692,8.896351296,8.737612665,8.919945463,8.885360711,7.842061581,8.444444516,8.291384003,8.09312086,8.580529835,7.755219967,8.60511264,7.904354484,8.208606485,8.065278647,8.725408487,8.924417496,8.799645213,8.442835923,8.829925801,8.789131043,9.388286513,8.703828549,8.724477466,8.581703384,8.680651024,8.917951603,9.562335193,8.336703146,9.11438904,8.532297649,8.690826416,8.959240532,9.070359558,9.339782346,8.86815395,8.753182676,8.026037517,8.913172639,8.587931782,9.843033385,8.824384957,8.829274081,8.846543374,8.776558591,9.016079002,8.767043616,8.819315892,8.398239302,8.897311793,9.229233288,8.762408072,8.545182205,8.508999835,8.516961256,7.970771969,8.659948802,7.874437058,8.65465547,8.750408279,8.077140416,8.491800018,8.608434358,8.775105474,8.811141751,7.378344122,8.876765202,9.270178354,8.973303141,9.140356397,9.780640742,8.791986763,8.650200113,9.057524012,8.886273151,8.546810704,8.742304654,10.14004759,8.78074091,8.859303741,8.31465007,8.489318731,8.821015656,8.867892776,8.800861623,8.547870564,8.750844101,8.88353121,8.305223006,8.658489659,9.494652214,8.90690957,8.906903969,8.824285904,8.870334481,7.723408923,8.653873789,10.20235946,8.525988743,8.874040598,10.31253324,8.820711083,8.855067382,8.775714137,8.826308897,9.950240708,9.017842879,8.882252221,8.922245493,9.201993535,8.390866869,8.88932689,8.741230918,9.000255343,8.956895023,6.967958234,8.891125459,8.317728835,8.712631044,8.719810808,8.304649009,8.680061272,8.461042973,8.527694281,9.140805764,8.408270655,8.78844324,7.598169147,8.84909482,8.945480496,9.805932515,8.622656625,9.426818331,9.109541999,8.83665868,7.277337394,8.714325063,8.165571983,8.837766872,8.203795689,9.0838629,8.496094806,8.959842432,8.737893794,8.752378842,7.92324989,8.801367608,9.118214997,8.443347513,8.878296615,9.02249591,8.679143816,8.706501241,8.826605036,8.047678157,9.173194402,8.814596788,8.561789716,9.308702934,8.937018695,8.278216735,8.72950247,8.752910588,8.724906177,9.140717049,8.735620572,9.495155734,8.831279479,9.41640816,9.839481349,9.578431964,9.375454846,9.387444758,9.522399575,9.420885091,10.3264574,8.921550962,8.588411321,9.388935215,9.321835395,8.808105184,8.796612935,9.362779186,8.824556926,8.775144274,8.119690344,8.427221003,9.015715081,9.118962,8.676555952,8.608014674,8.836973444,8.701740434,8.732774856,8.285494898
Q15465,10.52536513,10.37384664,10.79196192,10.39031499,10.61557543,10.53385339,10.54286472,10.60107785,10.45078199,10.34179281,10.47390572,9.968059745,9.448304353,9.682863079,10.09161372,10.26597655,10.3259227,9.820899116,10.06722235,9.923770137,11.02906243,10.77234091,10.74258102,10.66011705,10.59346655,10.02748141,10.21228491,10.27320859,10.50243872,10.76906825,9.960469388,10.25459228,9.464792519,10.12820736,10.43539029,10.27840873,10.38263929,10.62650127,10.38771734,9.782401432,10.58888909,10.88153517,10.78963036,10.98234125,11.02037031,11.68925079,10.5478029,10.79406527,10.87093523,10.59881988,12.15406409,10.66309503,11.39985953,10.69958786,10.69919521,11.39931709,10.77586327,10.60263931,10.54844941,10.81039765,9.813625424,10.39710201,11.09135588,10.15401475,10.323973,11.05644972,10.46956953,10.43261519,10.49190312,10.46986596,9.91274794,10.3558604,10.69491915,10.36295609,10.38336366,10.28467945,10.11531913,10.62744563,10.23889845,10.49713419,9.964732317,10.27835493,9.892096857,9.881517588,10.10466633,10.10707389,10.34632184,10.22121729,10.22123162,10.30870478,10.91882552,10.60642058,10.73323594,10.41639142,10.38070035,10.17156706,10.3618226,10.76565559,10.345187,10.64598166,9.191501814,9.984707095,11.1141633,10.23966401,9.630404637,8.999751603,10.00124854,10.23362052,10.04092117,9.317334823,11.02238414,10.39795562,11.32337123,10.3449805,10.3773503,9.969039054,10.72892974,10.35500487,10.36377034,10.70866205,10.81469998,10.37743903,11.12650074,10.2682684,10.37052582,9.525862306,10.26803475,9.978147757,10.0333115,9.915553558,9.862182292,10.20449849,9.450117798,10.55090903,10.04264633,10.56198052,9.966640182,10.71125766,10.31087698,9.991491691,10.56343202,10.04203499,9.745702217,10.45255823,10.0390921,10.03165959,10.06292497,10.12737904,9.921772414,9.835101871,9.833973763,10.21055926,11.18037575,10.28680702,10.48377788,10.88707135,10.14493674,10.45292258,10.49398717,10.37727202,9.588727109,10.24109371,11.26618083,10.22675402,10.23607637,9.90355512,10.04274582,10.43025802,10.49205075,10.40032593,9.544787775,9.996471269,10.09693709,10.14684343,10.10029138,11.11133411,10.30753607,10.02555708,10.08543916,9.68282227,10.80796563,10.58617087,10.59924545,10.04609571,10.67139286,10.12674463,10.80789531,11.00527516,10.73252805,11.22475533,9.816863289,10.93839662,10.39907993,10.98187638,10.79657081,10.61742698,11.0081955,11.20426877,11.03412031,11.34453423,11.09123471,10.54763774,9.174227392,9.859579404,10.34267484,9.148603106,10.64012623,10.20835685,10.13948272,9.747503766,9.652936844,10.37892095,10.01227858,9.527349327,10.37201923,9.957004626,9.891894998,10.04760111,10.14244748,9.72813776
P07948,11.79601097,12.8366279,11.97693824,12.51813546,12.68470907,12.18436386,12.69765629,12.71949432,12.70190227,12.49808064,12.27725453,12.57390478,11.99368934,11.97412863,12.28954741,12.17225386,12.62188547,12.23176264,12.33812643,12.09368495,12.47134459,12.44477826,11.65851685,12.53494286,12.40903028,12.69134606,12.39175343,12.02081506,12.29357553,12.35461134,13.53335788,11.9704987,12.11872265,11.97636129,12.30751946,12.26281267,12.0616374,11.74143652,12.22483198,12.01386216,13.25445097,12.25283719,11.98494922,12.52086632,12.41023978,12.65897136,12.24707127,12.50987801,12.40446183,11.85364149,12.78334353,12.71019515,13.21919425,12.49489195,12.7927722,12.89781559,12.70652982,12.4605888,12.7932295,12.40794496,12.90172704,12.59533738,11.87766654,12.83993566,12.35772679,11.90499572,12.49299807,12.03284995,12.28458133,12.26674762,12.13280485,12.30500127,11.8605909,12.44874858,12.14593413,12.32908012,12.15528123,12.20484832,12.27363341,12.68770598,11.36042232,12.42097023,12.7830191,12.59145417,12.41170299,12.09585807,12.49966971,12.00771241,12.47023599,12.19811257,12.98338975,12.55748704,12.49943774,12.95441346,12.39494707,11.54535748,12.52110461,12.10614567,12.54060961,12.38631786,11.43517751,12.28198323,12.41416459,12.35307572,12.22395915,11.58852015,11.98917553,12.2525496,12.06471701,12.6886543,12.37845845,11.88968379,11.9972662,11.86700068,11.88628266,12.05032024,11.93201406,11.91756364,11.92398153,11.61043458,12.4574968,12.63251475,12.44002829,12.7555512,12.65862284,12.46977928,12.28988778,12.60011927,12.45833169,12.30626112,13.47748423,13.08696496,12.74105492,12.60310404,12.83242028,12.83712601,13.02661218,12.94903373,12.88938682,13.59344886,13.01409862,12.67664081,13.07351061,12.8280827,12.94283921,13.29279059,12.07190011,12.6531842,12.50389756,12.69812236,13.17908551,12.98137528,13.06135243,12.91087813,12.68604966,13.41776633,13.11673533,12.96606636,13.06794908,13.26980337,14.3803339,12.50352984,13.76632224,12.88753494,12.67935811,13.10274552,12.43840367,12.66045134,12.60590265,13.12704229,13.32006304,12.34232625,12.66862152,12.21828311,12.25767056,12.11802256,12.2884391,12.8354817,12.34853425,12.93092592,10.97438098,12.03413492,11.26766535,12.24053642,12.02867549,11.96071708,12.00064321,12.34310308,12.09129333,11.68229479,11.8713325,12.10271454,11.54529701,12.1334299,12.43615033,12.63748265,11.97840409,11.92796293,12.03173883,11.91878121,12.4825937,12.75281207,13.46450643,12.26865879,12.64415126,11.79598523,13.12564187,12.78568001,12.71597736,12.737092,12.835094,12.4770103,12.39944861,12.75262758,12.15975003,13.57261502,12.29767987,12.44989497,12.58881198,12.44220529
P32004,11.54894711,9.818100928,9.063588398,9.621306014,9.500896817,9.883587028,9.931695198,9.378417427,9.568733443,9.018043523,8.326741087,9.313586375,9.194868118,9.285751159,8.863494801,9.998991598,9.12294002,9.142021315,9.11203718,9.186821509,8.501496484,9.71332586,9.374740882,9.779287647,9.601855706,9.611194162,9.574668516,9.702916494,9.656905218,9.918707548,9.395002744,8.819238082,10.19285242,9.019341681,8.986885182,9.222658491,8.784759702,9.107902619,8.856997554,8.834510109,11.16044149,9.696719644,9.941651913,9.282229564,9.488766891,10.6224293,9.507704531,9.414474284,9.461534672,9.660808588,8.5715575,9.824631048,9.651918187,9.796894386,9.8504062,9.32232785,9.834991439,10.09279183,9.936741144,10.03456692,7.767616681,9.372700068,8.13675873,9.870036919,9.382793129,8.660197009,9.182634007,9.569780755,9.581488009,9.481546682,8.958204772,9.010117773,9.101450144,9.187958864,8.888712496,8.245329562,8.903428708,9.364668347,9.109411439,9.226657429,9.201296167,9.358493346,9.083194613,9.21768504,9.167249365,9.247517754,9.509558107,9.391273863,9.44807268,10.11923481,10.81926185,9.59379091,10.81021495,9.411976861,9.5493488,9.433536053,9.449721325,9.631483858,9.612163077,9.703956752,6.569832779,8.989670321,8.437200691,8.9271851,8.955425659,8.723678633,8.784406698,8.928585185,8.831252403,8.722093874,10.26532018,9.615864593,11.1840272,9.564031696,10.00398691,10.07383998,10.06504026,9.511445844,9.724146679,9.561905748,9.306741131,8.969701059,9.443265645,8.9561435,8.678413765,9.25017333,8.791284363,8.760083869,9.038944531,8.691717965,9.695107877,9.458528312,8.609423969,9.732518465,9.761626183,10.2695052,9.755531246,9.662694136,9.658432859,10.21306795,7.89191675,9.009590857,8.151780159,8.781046819,8.942653735,10.13673904,8.927783268,8.998758214,9.058285091,8.956907667,9.428674434,9.042841799,9.625144467,9.19031321,9.333539016,10.04170336,8.996561416,9.373266946,9.154969752,8.981441935,10.34705324,9.266340781,8.470972677,9.367215853,9.39924379,8.814129926,8.838628564,9.307227032,9.188019033,9.656550962,9.583110047,9.397763826,9.231461862,9.177736854,9.018996145,9.461146317,9.132287106,9.190158575,9.228163017,9.626928492,10.36746427,10.08929681,10.45079083,10.33914094,10.22400612,10.38290802,9.942288448,9.608049749,9.950666053,10.42677684,9.036435473,10.46171156,10.42729594,10.59932175,10.38476998,11.00528018,10.33250973,10.3808957,10.33564956,10.31568691,9.504914916,9.359181272,9.713952867,9.321053889,9.624644103,9.369603452,9.291709684,9.479616306,9.463127925,9.164492976,9.520982328,9.034683209,9.22309426,8.81135752,9.215889247,8.88095634,9.158036761,9.334286046,8.997486656,8.930277029
Q9UBG0,12.721797,12.67491546,11.42188818,12.60163106,12.83504176,12.60578107,12.7789975,12.91781853,12.6785298,12.92967627,12.1809604,12.33301733,13.02655842,12.48038392,12.23610806,12.26059339,11.70424341,11.94172907,12.17645257,12.41237717,13.89528948,13.1803542,13.66706646,12.86203322,13.01547581,12.69575255,12.84193978,13.01023744,13.13861356,13.66396896,14.0236476,12.51960451,12.48674278,12.71923602,12.32790434,12.13626713,12.88991526,12.57233514,12.64409384,12.25114814,12.60416666,13.21756741,13.67793326,13.49501008,13.39539748,12.66046331,13.36026957,13.13695718,13.25606365,12.78297372,12.96449718,12.83971508,13.24985498,12.98539694,13.27936541,13.45766779,12.91192018,13.08444013,12.90574358,12.63436468,12.28554317,12.70613727,12.73797286,12.33845311,12.75157749,13.60884166,12.64082706,12.84340575,12.69462849,12.73815649,12.14262244,12.2666235,13.18155549,11.79077444,12.29909081,13.66160984,12.54974218,12.5186225,12.49220347,12.42568345,11.3014503,12.37174394,12.46624939,12.45759281,12.69176579,12.45373743,12.61019569,12.48421865,12.41638084,12.69764485,12.23143007,12.66934053,14.07553869,13.17692776,12.81068035,12.61343635,12.66285835,13.22743536,12.92423703,13.24977503,12.89767406,12.42729402,12.71901831,12.47055212,12.79450774,12.56831673,12.22309441,12.67533432,12.57577365,12.74564044,13.83215688,13.0135716,13.72787732,13.10742159,13.11810086,13.27784041,13.18198315,12.9021508,12.79202242,12.8411554,11.7704836,12.50389084,13.82796991,12.36919505,12.53697891,13.51257273,12.44166663,12.2279509,12.45915092,12.72879381,13.34597849,12.56078481,11.74660501,11.99332521,12.54824206,12.12849839,12.53267669,12.73431276,12.42375644,12.16148667,13.41181909,12.6643979,13.42001026,12.57005024,12.44729592,13.81313698,12.76577172,12.32819919,12.51676448,13.4342127,13.96145607,12.78425391,12.53783076,12.49853457,12.7443039,12.21359909,12.43593729,12.88631258,12.66645497,12.57546934,13.19136767,12.80359904,12.67942875,12.79818318,12.90598384,12.17859512,12.74230203,12.25860798,12.76117687,12.51717071,13.61280224,12.30818623,12.96060661,12.12146357,12.46100345,12.96540947,12.52460623,12.55783694,12.55533856,13.0035211,13.9020006,12.79010454,11.99395699,12.8580359,12.82077508,13.50818146,12.83776831,12.58067523,12.54827497,12.53397974,13.33505252,13.67393735,13.46480887,13.02787639,13.05259941,13.67240953,13.48624866,13.20053334,13.27649978,13.54600507,11.57695015,12.58751145,13.23545581,12.94546894,13.17505537,11.86518803,13.01063649,12.39512215,12.84639655,12.92032076,12.92907274,12.11456251,12.55388788,12.15538889,12.20978768,12.19500015,11.86286331,12.26275661,12.28833942,12.13114881
Q4KMG0,13.49772713,13.52121098,13.28253352,13.7625035,14.05570175,12.97202932,14.00857843,13.96700742,13.69980624,14.1479858,14.70113046,13.60946019,12.02819766,13.34767763,13.63464788,14.1787044,13.16443093,13.32788214,13.46035194,13.31916794,14.78839475,14.89354288,14.0281561,14.86759524,14.62476294,13.86415617,14.53197978,14.83887722,14.77682431,14.99341037,15.53885865,13.70947639,13.51094086,13.898211,13.43978442,13.31708333,13.60795227,13.70472041,13.6805168,13.50805687,12.59605477,14.20368415,13.9709712,14.42171992,14.05666951,13.95721923,13.98096032,14.28317146,14.38917559,14.10027995,14.59673292,14.31261203,14.49522071,14.15273507,14.01119339,13.99664421,13.57662221,13.76165277,14.10345803,14.26590661,13.39290869,13.42595952,12.96776235,13.4453285,13.79724388,13.2120525,13.76726145,13.45068247,13.50772331,13.56027214,14.11631403,13.45333856,12.74368287,13.76008907,13.63116218,14.8977731,13.60829476,13.40432026,13.63415605,13.37482173,13.12312674,13.83128989,12.30033929,13.76392973,13.91240396,14.56943619,13.87064874,13.93680343,13.77131406,13.73651989,13.7564106,13.80335848,14.65001062,13.83134939,13.87426609,14.45100857,13.78262149,13.78445524,13.77776597,14.77913904,14.76544899,14.0609516,15.20686659,13.75009439,13.99315332,13.82756617,14.14213942,14.28024563,13.75744407,14.46607867,13.62135399,13.84938415,15.47240919,14.33971297,14.15371447,14.09873053,14.19284888,14.23332374,14.05331964,13.95704462,11.52399695,13.29563986,11.33670415,13.49703053,13.45910223,13.33487107,13.3365315,13.42814859,13.15805869,13.54201604,13.28345128,14.11692656,13.7280258,13.98918486,13.87068958,14.38391929,13.8617945,14.32412751,14.05559687,14.09256945,13.18885993,13.04992333,13.53468753,13.09335865,13.08229649,13.43578382,13.21240677,13.13870051,12.98548335,13.16190171,12.86075008,13.92922428,13.94606657,14.09515824,13.87333743,13.6005534,13.93760912,13.96696311,14.01839948,13.4685448,14.38049961,14.24319097,14.15572937,14.32038679,14.07933596,13.76988843,14.3141476,13.58791398,14.10600349,13.8270382,13.93921972,13.39470273,12.89848085,13.81205478,13.19337322,13.38927992,13.54185286,13.82573893,13.56168157,13.57769089,12.54661149,13.39728018,12.22473323,13.46178036,13.66904057,13.53500274,13.29644908,13.37044902,13.5655412,13.46986788,14.12328252,13.53353023,13.85597856,13.88106803,14.00923312,12.93475039,13.68441522,13.51486906,13.65052034,14.01633533,13.05805928,14.29052479,13.51027868,13.67881017,14.29317192,15.09013493,14.08543104,14.17205714,13.90573954,14.25976237,13.89283471,13.56270452,13.5726107,13.5979946,13.60285222,15.21571025,13.26969714,13.51266728,13.42421562,13.51112767
P04179,16.15613192,16.01762548,16.48391229,16.01973275,16.08670848,16.13221827,15.6844689,15.09328996,15.99711224,15.80115137,15.64140771,15.65799034,15.83748236,16.00111142,15.38066954,15.24059204,15.65140332,15.7803676,15.66701894,15.71638836,15.46566549,15.88694148,14.72245515,15.76500637,15.70070363,16.68229723,16.01112567,15.68178389,15.80867552,16.22135153,16.1443335,15.52137509,15.44582768,15.65756554,15.64428287,15.69301711,15.82953328,16.00932718,15.62135785,14.87283128,17.08300255,15.83617516,15.94494774,15.83423384,15.84192359,16.06711354,16.01853997,15.82667959,15.85216961,16.06026129,15.02948108,15.96535466,15.95237799,16.2169305,15.74727717,15.98436256,15.83109528,16.08888209,15.91799225,15.66959916,14.94697461,16.1933277,14.79187557,15.99147538,15.78883195,15.83240796,15.5767036,15.89048746,15.84132193,15.80373884,15.51126664,15.94245303,15.50789489,15.0579558,15.7323014,14.58393119,16.2696063,15.56142033,15.65997053,15.63560722,15.5652653,15.29264034,16.60741461,15.39187519,15.39474848,15.37836038,15.53876116,15.83302334,15.70823749,15.17114973,14.95383019,15.79088715,15.16898927,15.63514825,15.61084797,15.49203481,16.21742791,15.65934371,15.85546091,16.22106093,14.60074217,16.13496472,16.27261654,15.63400016,16.00403179,16.56366387,15.70920133,16.56670055,16.02534111,16.04716206,15.98847546,15.66092176,16.98153144,15.9996484,15.76855621,16.52639757,15.41428729,15.66384335,15.79657394,15.76955813,14.70438368,15.44938149,15.96147398,15.42449858,15.67959737,15.53614858,15.09655065,15.40963223,15.49888699,16.41887321,15.81206326,15.75351534,15.70098173,16.12551809,15.80942808,16.32618878,15.94065198,15.81749326,15.79098967,15.93040104,15.82753497,15.71871127,14.51585057,15.57450375,15.53789532,15.74126567,15.41400764,15.82655977,15.49329563,15.79175959,16.97922706,15.8386297,15.95313718,15.76989233,15.56335722,15.97766521,15.9560021,15.487507,15.56910133,15.94733184,15.09535219,15.94117515,15.1902885,16.19129956,15.75655456,15.90660295,15.91775587,15.97765697,15.73122441,16.04180288,15.17613699,15.79784408,15.93566113,16.06985539,15.78277248,16.55547711,15.50933276,16.22079592,15.89337615,15.71877145,15.80033192,16.34208317,16.78295822,16.35374359,16.16806154,15.7688906,16.39881403,16.28700576,16.26580186,16.46392947,16.77533922,16.15201665,16.25386838,16.01269002,16.46051657,15.24633484,16.09972367,15.91946879,16.17332855,16.61967563,15.93991536,16.0009729,15.9682021,15.86202013,15.95338886,15.82825987,15.7253765,16.19605158,15.95344176,15.57021662,15.64738351,15.30071247,15.83472612,15.22840671,15.49419618,15.08417183,15.76608782,15.4491986,15.438747,15.5851341
Q9UNE0,11.73271719,11.85729654,13.06367367,11.76459989,11.89715027,11.47934919,11.91562211,11.93364188,11.93994967,11.83417288,10.06181394,11.58213934,10.60499966,10.90649306,11.46329444,10.58612502,11.12915584,11.1673612,11.51103659,11.8252705,12.26393412,11.9616754,12.18799211,12.10457069,12.12840119,11.80344444,12.13190093,12.23255209,11.94742158,12.07610948,9.812197901,10.83102299,10.74977975,11.25853577,10.92612547,9.975544214,11.1558142,10.83874833,11.12048624,11.53992624,11.82355564,11.25374739,12.16639202,10.9687214,11.13008889,9.968742722,11.13385614,11.0572732,11.46131782,11.36248308,11.78059854,11.41153806,11.99415153,11.57057885,11.312917,10.49755826,11.49760188,11.50041707,11.32411965,11.27625214,10.47744531,11.52162128,11.80503585,11.47348131,11.57921108,11.43928665,11.80112752,11.25737151,11.70260648,12.3874477,11.40874027,11.44426477,11.35989068,11.18303338,11.62169187,12.1589013,11.7119761,11.59279307,11.41003842,11.16492931,11.1839425,12.13437691,11.05694527,11.87741435,11.80647682,10.95863044,11.70879296,11.7592252,11.87299893,11.5332255,12.82609588,11.55296386,10.82029634,11.44579712,11.66500646,11.33603964,11.79908154,11.46320234,11.49860469,11.81163322,11.42183188,11.29589724,11.39042517,11.11261921,11.3275026,11.31543802,11.54728556,11.46945055,11.33898122,11.71575979,12.76571114,11.52393036,12.34546469,11.18776141,11.55723909,10.4232092,11.63010447,11.80465642,11.66509321,11.43069179,9.005719004,10.45511965,10.81966977,10.54041,10.42884964,10.2597665,10.62029607,10.52571571,10.49185715,10.52060045,12.70217109,12.5502819,11.49620803,12.73575985,12.62645164,12.87046816,12.79644203,12.53951604,12.45353553,13.06152469,11.92176403,11.48169008,11.21183874,12.01168862,11.64352966,11.29492975,11.36550082,11.67908862,11.51543958,11.47826052,10.66009821,11.24650207,11.87765669,11.26349839,11.1860851,11.75192188,11.29809179,11.42751432,11.3548486,11.44854842,11.1383336,11.7835559,10.99154213,11.31290171,11.30537186,11.5378023,11.66950407,11.53340754,11.69508979,11.13432649,11.28664381,11.41504669,10.53118835,11.15521268,11.26581108,11.59878971,11.35107316,11.17349111,11.39306114,11.92148683,10.26413843,10.30045987,9.510838708,10.78929322,10.3686782,10.08899842,10.1837687,10.42115211,10.26945385,10.31766721,10.53194988,10.96424913,10.13404249,10.98622497,10.67105476,11.41445153,10.56126112,10.86431626,10.6534441,10.12075705,12.39978934,12.04054489,11.73517133,11.73228135,12.26628752,11.25301344,11.81480561,12.02927177,11.89955049,11.76963813,11.00087521,11.17182884,11.85597946,11.07498489,11.17096912,10.98038516,11.01266378,11.42870544,11.16809796,11.02793925
Q9UHF5,8.245231776,8.762629309,7.306213257,8.75178029,8.742099028,8.71981321,8.473468554,9.001348675,8.840276828,8.904233498,8.972429636,8.424340485,8.420575373,9.182338997,8.878542746,8.167111069,8.473331561,8.820561747,8.72071041,9.170411462,8.926645207,9.035378065,8.715408748,9.786095603,9.139927954,10.07063595,9.35480408,9.331105269,9.232603897,9.216170839,9.006842549,8.271933984,9.039178016,8.26393622,8.359494167,8.305895124,8.21787061,8.025274709,8.353915316,8.27132867,7.586157903,9.036977507,10.24381606,8.799876189,9.021694688,9.527366318,8.863515914,9.54659447,9.146296532,8.857996249,8.294466796,8.773263751,8.048374043,8.861057113,8.924428222,9.56523646,9.03458106,9.185013539,8.917762643,8.554803486,6.89555938,8.517522143,8.052773635,8.279687632,8.878336836,9.030504479,8.449978047,8.249491464,8.482267685,7.80045783,7.516553937,8.568808317,8.66010846,8.427737742,8.3442845,8.482384394,8.598367741,8.547712602,8.781789816,8.38141557,7.911052933,9.332332715,8.607329505,9.323604778,8.916560888,8.794331893,9.063095298,9.391261274,9.086754482,8.701462095,9.261285877,8.700354398,8.491123912,8.782933962,8.764037507,8.308256238,9.038595339,8.734542773,8.828355594,8.823125263,8.612742873,8.406333935,9.017564264,8.627283913,8.693114367,8.864448241,8.650507976,8.536148395,8.628709104,8.702619896,8.756828436,8.852121991,7.66475862,8.59303488,8.657371173,8.314991293,8.867475728,8.582887799,8.681746821,8.604513609,8.503850866,8.608314261,8.966368506,8.591390361,8.539647306,8.237804878,8.182293737,8.33307064,8.533772759,7.844321225,8.160141864,8.823738484,7.848749307,8.982784723,8.719805437,9.461561503,8.855743638,9.158425521,8.834441297,8.277436241,9.093163837,8.574641607,8.981256755,8.45265353,8.57309294,8.030253464,8.208478907,8.527366918,8.565548474,8.298923658,9.0620005,8.819720734,8.943904653,8.90290326,8.260760121,8.290226309,8.302155939,8.849719612,8.594737441,8.4990569,8.351352637,8.937811629,9.496976652,9.471678154,8.954410417,8.676452035,9.006120614,9.034100242,9.031686863,9.051253819,7.931211359,8.448985878,9.063693552,8.847754181,8.559190947,8.630425028,8.412858975,8.460884852,8.568984309,8.579942581,8.773334761,8.088049286,8.666549552,8.280207128,8.494899705,7.381603235,8.130462897,8.62656094,8.236905795,8.100743542,8.517837046,8.566382321,8.824995728,8.952376412,9.024192799,8.539451512,8.890699216,8.809908602,8.687301596,8.630504507,6.894891834,8.653472905,8.601902495,8.614736556,8.20329103,8.614452194,8.557581099,8.661923944,8.461240174,8.868954064,8.417739506,8.847151472,8.722482465,8.632257057,8.331111497,9.393320702,8.502350371,8.526090314,8.614794742,8.895961377
P10721,14.44853642,14.65162777,14.30315999,14.43814099,14.59028207,14.57920214,14.45694676,14.4461711,14.52677244,14.53678005,15.09051022,14.07944832,13.94165939,14.33006406,13.95291111,14.45623281,14.07021212,13.91673383,14.05994615,14.4732071,14.92330064,14.80288984,14.34318322,15.03749989,14.51360385,15.50597691,15.02089266,14.99691221,14.6739595,14.9331495,15.32030593,13.76158204,13.99925439,13.99140981,14.11621592,14.00656243,14.25014393,13.78586482,13.90844862,14.04242129,13.97335779,14.34518721,14.39833875,14.2838198,14.3432734,14.64212292,14.67816279,14.1826974,14.41027029,14.45442231,14.49030337,14.58312814,14.41341091,14.99079481,14.69106777,14.52104182,14.832701,14.68825825,14.72524437,14.51141636,14.95237919,14.36640939,14.24969156,14.44339718,14.19480916,13.79005649,14.40471467,14.39035926,14.39331571,13.85176182,13.85998364,14.07172674,14.69742177,14.70101896,14.44156949,14.55715868,14.35975733,14.44254184,14.45798918,14.7039803,14.51963418,13.98010097,14.94081113,14.15631085,14.19241464,13.60650269,14.59749781,14.33437884,14.36902523,14.05144174,13.62632871,14.47239068,13.59855989,14.49418846,14.47688545,15.32857203,14.41013741,14.52114362,14.54867607,14.36454,12.40045536,13.57335435,14.42200907,13.81316624,13.76541078,13.43414298,13.77307134,13.89024353,13.73861984,13.7409255,13.51540698,14.71897088,14.41589045,14.81590058,14.70737376,14.84830927,14.45951711,14.64443842,14.74010718,14.12589269,13.98786639,13.74545516,13.14759081,13.72835593,13.86485757,13.432057,13.85418755,14.05789735,13.82901205,13.41150678,12.91461669,14.51752816,15.78790451,14.06081548,14.52465324,15.25275222,14.59486291,14.20938026,14.5771415,14.07301909,13.0044027,13.85223324,13.14693485,13.78559119,13.89349707,14.21404728,13.93731995,13.9056864,13.91145603,13.06993244,11.87832278,13.72140715,14.10723582,13.9417592,14.1476841,13.88841412,13.97729135,14.01163398,13.78267923,14.10981081,14.99399064,14.1110616,14.64468782,14.15821606,13.95518252,14.89775641,14.35959538,14.4402118,14.16081574,13.99476361,13.64820358,14.04767843,13.73167821,14.12490226,14.28009039,13.79927038,14.22693012,14.15804722,14.08476385,14.48099381,14.22339966,14.80382496,15.31168702,14.77607149,14.50732798,14.40228088,14.41926536,14.34169216,14.67906082,14.76581369,14.30168623,15.13442471,14.796031,15.1056026,15.60936852,15.43211214,14.90053828,14.65463787,15.05042566,15.27820842,14.7883426,14.61255445,14.81203587,14.30597262,14.14446795,15.17378086,14.29437268,14.56161039,14.36693683,14.68045718,14.84724256,14.09792393,13.58778835,13.60094311,13.9293827,14.65926802,14.271708,14.05271216,14.11026496,14.13571595
P17252,11.56010248,12.3587799,12.22026866,12.22498423,12.28213052,13.37597682,12.30888493,12.35925264,12.07164418,12.28953815,12.91855843,11.81003481,11.57249592,11.96465395,12.24094768,11.59754845,12.03630898,11.55938375,11.96428176,11.71225136,12.85321295,12.25353116,12.58279231,12.48457328,12.56193891,12.16806749,12.40168033,12.02618043,12.28801024,11.83604995,10.63759325,12.03136891,11.805087,11.54026738,11.76442968,11.34569689,11.35671533,11.49928453,11.83482304,11.64289618,11.85225128,11.6153837,10.5403079,11.23344197,11.2982594,12.34885285,11.66962805,12.05230912,11.4669434,11.6106424,11.15751839,11.7054858,12.10912169,11.67779268,11.65242276,12.03154654,11.83801785,11.19842685,12.00626016,12.03182368,11.50239006,11.85018966,11.86383836,11.67208915,11.5046765,11.98336042,11.90676042,11.9576019,11.64084338,11.12488913,10.75944254,12.29329694,12.51991892,12.24323232,12.100445,12.86037152,12.13298141,12.58234672,12.24016557,11.91556273,11.802837,12.10179526,11.7357396,11.97198966,12.05875958,12.1429613,12.10764079,12.37496435,12.19357971,11.99012623,10.59542493,12.08087384,11.64825552,11.50220146,12.20362783,10.90419353,12.33240211,12.18575567,11.98248597,12.21484094,10.41381603,11.76190595,10.61802643,11.90521894,12.02471864,11.69509223,12.31866565,11.11941769,11.62439161,11.72247085,11.19515656,11.4594226,11.80744402,11.16700156,11.79290815,10.98038855,11.82634368,11.75485159,11.48345865,11.47017139,11.20789704,11.6149868,12.38943795,11.50723876,11.42834771,11.48422098,11.74989698,11.69758977,11.48236332,11.18538969,12.52053696,11.96611362,10.96854539,11.42586197,11.85413307,12.6534995,11.85346286,11.81710471,11.76509242,12.00746746,11.34320885,11.43676615,11.10554485,11.37916868,11.59814357,11.07782493,11.31970935,11.54814454,11.35469313,11.46849848,11.13753543,12.500923,12.1159835,12.49026969,12.40745759,12.13398339,12.20380271,12.18790321,12.35415544,12.31782719,9.779298779,11.97815859,10.98649819,11.71473247,11.85251178,13.01415555,12.12823525,12.13997746,11.91346978,11.99990718,11.5615007,11.94207653,11.50638154,12.11050887,11.88163184,11.94263391,11.80497929,12.39325393,11.9747218,11.60926518,10.35813822,11.34676579,11.20006572,11.17587811,11.05716753,11.91538776,11.13762727,11.53090508,11.35462705,11.71927129,11.53892147,11.56919595,10.11545111,11.39361261,11.5906111,10.18623502,11.30315113,11.60365949,11.39562869,11.59373493,11.96776676,11.82181577,11.60120775,12.30343462,11.70069854,12.62706173,11.47155235,11.54834413,11.96580674,11.86419137,11.71966173,12.19149577,12.92459293,12.0937839,12.11971631,11.55548949,11.96300355,11.63160349,12.05284872,12.0081975
P51654,10.51951123,10.66566694,11.05181123,10.9906979,10.78509734,9.836018155,11.02233854,10.94456506,10.85957588,11.46027657,10.0772234,10.22754735,9.720925352,10.79613925,10.64009084,10.63258615,10.57219175,10.43372738,10.49790016,10.815022,10.37963642,10.90739688,11.8989899,11.15380251,11.15512665,12.27686853,11.43835587,11.47116101,11.30772394,11.41748669,11.27984459,10.22315393,10.79033553,10.22076037,10.28236877,10.29810286,10.13697994,9.808784886,10.21171955,9.916037328,10.78980967,10.65186943,10.71819502,10.14945888,10.60468328,9.798409981,10.44047272,10.63759024,10.66461819,10.76179104,11.36857781,10.81910556,10.8370739,10.69562611,10.59316086,11.12848142,10.75618435,10.75767318,10.79610004,10.94905152,10.25700793,10.44789506,9.644280307,10.42394745,10.58178228,10.09072173,10.12271811,11.02123725,10.42456383,10.85384751,11.78498243,10.80537189,10.70881311,10.68950639,10.79277961,11.35032409,10.75021694,10.63966448,10.66383475,10.70155938,10.62915166,10.34600916,10.89548724,10.36958954,10.52027293,11.04700191,9.954783615,10.62282924,10.49795438,10.32932224,12.58567444,10.91609154,10.58377575,11.16602647,10.82776625,12.07407536,11.06627346,10.99618159,11.02451993,11.11675993,11.64783508,10.71382936,9.92907699,10.70309137,10.774133,10.10073858,10.52644443,10.27430425,10.4149536,10.73275707,11.07278542,10.51358998,10.58819488,11.03028902,10.60751239,11.33025333,10.72664026,10.50963298,10.76691152,10.70608619,10.14239933,10.38008472,9.437372406,10.25799954,10.63012119,11.44358676,10.40350882,10.57421388,10.32241094,10.87884696,9.874150251,10.61831134,11.11932059,10.48402124,10.78545776,9.537546474,10.70073225,10.31580382,10.57685303,10.69949433,9.302255639,9.961142965,9.7310103,10.00974347,10.19228297,10.62161539,9.925119577,10.05898824,10.18037846,10.80480024,11.25175403,10.10945888,11.29055069,10.63049019,10.33938112,10.74523128,10.42123567,10.20018328,10.41470006,10.15629501,11.39176869,10.4523092,10.20714194,10.43514714,10.37372512,11.33813084,10.43396782,10.69613542,10.64747796,10.28029874,11.30271639,10.68654353,9.43430904,10.45647439,10.70004793,10.78042499,10.26853215,10.6901167,10.69296319,11.06310209,10.0212711,10.85921074,11.93261553,10.22887915,10.78839116,10.69345562,10.22138522,10.35515595,10.91108297,11.13239458,11.65828941,10.8166867,9.961936809,10.75651057,10.79769076,9.899630622,10.9183149,10.59398415,10.69577192,11.2189817,11.09417518,10.69719026,9.97644642,10.79287531,10.4834524,10.20022054,10.85910761,10.50929471,10.46622531,10.92257628,10.07740382,10.66183808,9.846317626,10.17538472,10.47859958,9.725970397,10.2475778,10.59344561,10.43735396,10.71001436
Q9UK85,14.62588455,15.34834839,15.73405295,15.19017385,15.21181161,14.42981198,15.3650846,15.43738663,15.14249951,15.06646501,14.11279373,15.25100365,14.5346194,15.04805803,15.20988041,15.43004149,15.58529744,15.23954201,15.19367118,15.14473796,16.26362272,15.23331332,14.70055214,15.14773068,15.14420561,14.51041788,15.1296454,15.00307433,15.33711169,15.2445005,16.17753726,15.22335269,16.40965788,15.28848862,15.50394799,15.50028287,15.068854,15.77040401,15.26257901,15.48497095,15.92144774,15.37756631,15.68373654,15.04305657,15.41339902,14.49470329,15.19423405,15.08974557,15.33799543,14.85988654,16.0462572,15.47402872,14.85048747,15.10868635,15.42755222,15.00203215,15.04801843,15.39243904,15.34070973,15.2521601,15.61850568,15.43813467,14.84242122,15.16995714,15.10033235,14.84537008,15.25898027,15.40777373,15.36531221,15.31863087,15.96474701,15.35032829,15.98972105,15.29968145,15.66335725,15.54181937,14.89839739,15.35659403,15.5357907,15.38612249,15.06957416,15.25064509,15.22533147,15.0471228,15.11386927,14.82448244,15.20953841,15.22633504,15.33627174,14.97133292,15.29627824,15.35055329,15.12280307,15.10099028,15.31081446,14.48920402,15.14391642,14.97317157,15.1243477,15.4975527,16.29826998,14.95625896,15.05961325,15.4020276,15.15582278,14.84884269,15.35272813,14.93502114,15.17891962,15.39002424,14.94834179,15.27489221,14.70246326,15.29411728,14.95924827,14.69720088,15.1641275,14.69875847,14.957057,15.22428034,16.14980021,15.11457877,15.34990072,15.55425937,15.2939864,15.2275881,14.96471842,14.92042494,15.18847009,15.1690093,14.60690728,14.82545648,15.26958045,14.59010804,14.90609557,15.15434169,14.69351498,14.91513875,14.95805623,14.66785432,15.91368157,14.81424048,15.02277094,15.07845164,14.96204454,15.41294637,15.23856977,15.25557927,14.82335674,14.99240986,16.08645005,14.95214788,15.94128495,15.36421788,15.16893788,14.44918478,15.49153128,15.25026269,15.23821018,15.01260113,15.80116212,15.30940393,15.08034788,15.79383107,15.62000289,16.55862556,15.17025862,15.54813128,15.31569655,14.94851263,13.93539984,14.94484223,15.03162104,15.58884933,15.20135567,14.94997738,15.36702918,14.86196319,15.20040075,14.74224188,16.26627323,15.43519842,15.16485865,15.73147572,15.60401214,15.7152141,15.54797831,15.59872392,15.73456266,15.37588981,14.90533304,15.25775777,14.8676775,15.42041751,15.16316501,15.54087305,15.52032573,15.3168186,15.25575096,15.49648207,15.99265023,15.24638473,14.6059917,15.28302149,15.44908133,14.9279076,15.41125885,14.91966329,15.11394596,15.12740001,14.36638705,15.05752802,14.72184656,15.29645343,15.05722602,15.40148769,15.34330185,15.01198006,15.09964333,14.72946059
Q9NP95,9.724771303,9.611966024,10.24005937,10.31243515,9.670731867,10.07977997,9.469675407,10.19702689,9.649255434,9.499896894,9.429798036,9.417795733,9.858436492,9.851590586,9.498412155,9.681529365,9.589278693,9.54469095,9.555927862,8.89107767,8.994186295,9.488579843,8.688211922,9.418022329,9.779343566,9.99912643,9.979190507,9.27529319,9.60806054,9.723543652,9.110111355,9.075713135,9.50603672,9.313845539,9.090482555,8.955614081,9.236357405,9.244392159,9.246651638,9.419699822,9.064014292,9.680191048,9.95408458,9.514615187,9.317476172,9.489435453,9.512097513,9.756142844,9.603678794,9.55098213,8.048766297,9.559598392,9.090012613,9.405987116,9.270907662,10.05312205,9.156019868,9.257681978,9.356103986,9.451225115,9.08076552,9.531594464,9.331670649,9.512737388,9.512406013,7.859432513,9.581513023,9.344400185,9.601487972,9.920194187,10.12885005,9.337313229,9.100684794,9.803701118,8.99058187,9.790396152,9.711999344,9.2700235,9.246791768,9.865428351,8.303444963,9.644482213,7.931985011,9.281977624,9.933243513,9.261285188,9.210366584,9.477249556,9.633760779,9.215773653,10.8100112,9.804265856,8.362078297,9.881366298,9.774706095,9.97830823,9.510156466,9.653606899,9.627796545,9.964140944,9.503332558,9.652821748,8.703259712,9.595191554,9.8488264,8.993413714,9.564221511,9.911237691,9.666475473,9.614621581,9.387494423,9.811755658,9.053787507,9.706648209,9.604668926,10.64677027,9.674488768,9.925547641,9.587392035,9.208762973,10.58390936,9.294908149,10.52307358,9.305034274,8.992319644,8.718835207,9.554126114,9.595447447,9.451089997,9.951072318,12.11309699,9.776514329,9.162979895,9.799575761,9.881049822,10.40803981,9.875763489,9.851416725,9.774898208,10.34026685,9.360148227,9.621900685,10.18556096,9.779539635,9.558614152,10.58011014,9.267569083,9.460313249,9.614730626,9.741379779,8.161536719,9.122325382,8.33950956,8.612851665,9.155608757,7.945995387,9.603955876,9.310413373,9.273133785,8.649882384,8.820079032,9.585808167,9.483153303,9.435291466,9.714100744,9.418901393,9.67394475,8.815802953,9.598495142,9.955661002,9.752843117,9.721452747,7.969722052,9.31171333,9.629368889,8.578677132,9.875126648,9.42720291,9.571382726,9.267496889,8.449172011,10.00346765,9.719767153,10.57143552,10.04404758,10.01745908,9.768993882,9.634712327,9.921938107,10.04208943,10.60143649,9.779730011,9.928842083,9.830955432,9.621614751,9.81608529,10.03239343,10.22631827,9.821005511,9.61400955,9.439305549,9.511058226,9.85682327,9.574824871,9.465570029,9.591163473,9.467312236,9.003391094,9.687908023,9.605530616,8.769777273,9.354145504,9.454125471,9.591860618,9.539866415,9.318818508,9.265223318,9.439221021,9.463516725,9.34997304
Q6YHK3,13.29161673,13.49221092,14.26622661,13.95694144,13.97450085,12.41340169,13.79017265,13.5259745,13.6290989,13.66800245,13.35505398,13.39716471,12.40035432,13.43889101,13.27769451,13.7546365,13.1331571,13.31607114,13.35707447,13.516624,12.73299292,14.144401,13.09423055,13.98763978,13.83855615,13.07743007,13.65052524,13.79272273,13.57133609,13.86108298,12.79443426,13.43971843,14.10126148,13.63519139,13.20378238,13.23223398,13.2422917,13.66334453,13.39564269,13.44059128,14.12099891,13.94228688,13.76092689,13.93306986,13.99918715,14.51055663,13.47938241,14.11777697,13.83715832,13.40574839,14.13479332,13.84384103,13.19270691,14.2935398,13.98252519,14.54632008,13.10293833,13.79396952,13.77597038,13.58771909,13.42240893,13.77396587,14.46685642,13.87576739,13.85765236,14.75775193,13.57770353,13.65984673,13.68521011,13.74413507,13.29190561,13.4173648,13.86170971,13.69620606,13.60103382,13.76470816,13.54258868,14.05337225,13.77020247,13.33744743,13.85542758,12.96804671,12.94416336,13.27522071,13.14836986,13.68960475,12.87804188,13.06386056,13.139229,13.59994473,15.55285944,13.5593603,13.43362286,13.6962896,13.77465747,14.10849729,13.24911199,13.37543801,13.58919744,13.84269212,11.54292909,13.2729253,12.54588585,12.89028949,13.32394641,12.08220179,13.09242121,13.02363814,13.32210658,13.8594932,14.13154721,13.94819182,13.39207784,13.33394358,13.9902966,13.11763344,13.91926774,13.12559097,13.70030722,13.60173566,11.79081339,13.43442347,13.22675494,13.43449946,13.00088126,13.01699677,12.53419882,12.87205477,13.13707553,13.64690902,12.55935346,14.02966375,13.45532977,13.27622209,13.5515841,13.35838089,13.56053893,13.92593654,13.70300758,13.59336492,12.96777487,13.24027032,13.61150581,13.0572704,13.05124148,12.79145859,13.14206289,13.10957132,12.88489665,12.7333303,13.58233018,13.92123988,14.68093202,13.76061829,13.70302465,13.81481408,13.50445988,13.75635088,13.84618234,12.85372416,13.16989615,13.22565912,12.4853335,13.42574178,13.20341013,14.60996047,13.5124538,13.44574797,13.59853675,13.15432032,14.25082979,13.38541892,13.05198566,13.25652632,13.40411391,13.80199517,13.79205131,13.48838044,13.43620055,13.22255251,14.3965554,13.88976351,14.36478467,13.93793477,14.03640913,14.23402009,14.17016301,13.5705531,14.0363712,14.48825657,16.7127529,14.13745426,14.51969626,14.40860712,13.98893443,14.71775434,14.32454448,14.11240671,14.36037153,14.27130289,13.22182007,13.38050708,14.21029213,13.30874142,13.4596803,13.98420614,13.31240052,13.70254887,13.5838031,13.56979045,14.012418,13.46106587,13.037318,13.73354156,13.5153181,13.33144092,13.30753533,12.97509058,13.22033345,13.1524717
P13591,15.66065837,14.21495308,13.69962829,14.2865889,14.07069322,13.98472752,14.47941837,13.87508488,13.96549209,14.60459793,12.30080177,13.78195814,13.40121032,13.95714092,13.7226842,13.69362228,13.52079678,14.21193473,13.73950135,12.82207954,14.31771135,14.18923126,13.39231587,14.08519431,13.98858664,14.38838323,14.37763465,13.86162238,13.93660788,13.8028186,13.28001005,13.96813918,13.93796269,13.9666732,13.85953901,13.9086013,13.86978624,13.46574996,13.97119101,13.69926304,15.38819396,14.39310805,13.99773268,14.25745015,14.26257821,14.90410343,14.49493674,14.80870728,14.41089265,14.37702831,14.29514838,14.5919331,14.58414119,14.28801832,14.24616182,14.02335556,14.1781491,14.87156788,14.36430106,14.65038409,13.16032644,14.03345659,13.45255382,13.79485374,13.85745024,14.71789423,13.98163506,13.75726103,13.85495488,13.81839981,13.04626587,13.72669059,13.53051979,13.66525994,13.4540868,13.92517327,13.98219189,13.36038007,13.43104899,13.46003898,13.28611106,13.99020213,12.73261807,13.45132348,13.82130378,13.23471375,14.18410323,14.05699435,13.77564195,14.06305219,14.31755281,14.18135697,13.08661484,14.16021262,14.35113786,14.05268757,14.11864916,14.44304041,14.18210139,14.02674937,14.2260147,13.78483651,14.12515213,13.98293198,13.60152179,14.13016605,13.0747658,13.94518219,13.63137974,13.4536778,15.11350898,14.31317317,14.05336416,14.58443601,14.6952837,14.95246618,14.12710549,14.55676086,14.43654992,14.59225615,12.9092114,13.50298188,12.13956085,13.24816854,13.34806657,13.30373862,13.14407236,13.63758599,13.36986932,13.24557669,14.35221005,13.85803655,14.28615007,13.51687931,13.74957523,13.9688436,14.06214107,13.2704889,13.82090033,13.52014305,14.83437426,13.78035729,13.70619166,13.91945031,13.4579161,14.1328827,13.62395139,13.77383867,13.69901104,13.67286659,14.02821726,13.68045145,13.59121353,13.60638932,13.76414646,14.5498301,14.28760438,13.771101,13.74492952,14.10862516,15.59896274,14.03993524,14.25807565,14.47706058,13.94948293,14.39966701,13.68711498,14.01124423,14.0843118,14.3949559,14.49414218,14.00702186,14.08212892,13.90749612,13.92201217,13.40851962,14.36040547,13.4609352,13.78683292,13.82624002,13.3356149,13.95654323,13.94654671,13.66166254,13.85246918,14.15039093,14.00682348,14.32026459,13.94824187,13.47218252,13.00934197,14.47423311,14.1321865,14.44046053,14.37514975,13.61053568,13.82831064,14.19871055,14.3051073,14.41289002,14.32078846,13.85813569,14.41755194,13.98214853,13.58834597,13.79995575,14.09608412,13.8494545,13.94380111,13.52185217,13.39305986,13.71713301,12.98351101,14.05079221,13.74740253,13.99633563,13.52857247,13.56503529,13.8351004,13.28523743
P07858,11.20542206,11.92470494,10.95310477,11.62578888,11.56972332,11.97733677,11.5262218,11.33198994,11.68503125,11.62439479,12.93195953,12.51280524,12.3476528,12.6399233,12.18149006,12.8276845,12.18994969,12.22926748,12.47176415,12.42889462,11.7050918,11.55875286,10.91721341,11.74461815,11.58103341,11.45018782,11.51566287,11.77227364,11.63238084,11.88835283,12.40990103,11.9754475,13.52442897,12.38951287,11.86629623,12.1565498,12.11839028,12.18062807,12.03707459,11.48015906,12.2457971,12.03536957,12.2867419,11.89637437,11.91955363,11.6506611,12.02765724,11.76668075,12.10781939,12.38440326,10.61362753,11.74767902,11.38075579,11.33055948,11.91112373,11.27929484,12.01047543,11.74389102,11.67634181,12.11513366,12.80955551,11.89544514,11.43549397,12.22928952,11.84077866,11.8919605,12.16872432,11.93739394,11.89845789,11.81973606,11.49102032,11.88856902,10.796138,11.55067517,12.09925257,11.72768448,12.37521819,12.03314662,12.10933451,11.80544137,11.61410607,11.88591253,9.962735439,11.71721547,11.66022232,12.03624321,11.79356403,11.50657627,11.75875072,12.29521682,12.25850831,11.82003329,11.59199667,11.80990521,11.82046914,11.93798182,11.39180028,11.47861327,11.69840048,11.85936322,12.41247298,12.02694177,11.14105537,11.97515817,11.94035549,12.50024321,12.06315362,11.98367835,12.12221835,12.61659243,10.50074426,11.95140166,11.77602514,11.99602732,11.94546473,11.26777713,11.85095407,12.06665549,12.0306966,12.0233667,12.49322925,12.74393395,11.86820142,12.90859115,12.49286565,13.6638757,12.78891969,12.55928433,13.14890905,12.59639978,12.19785433,11.54753465,10.61304571,11.4681255,11.56466032,12.58732487,11.55063294,11.15833922,11.64141734,11.56559231,10.57996142,11.96083719,13.31738486,11.95983,11.85307274,11.2716732,11.90284932,12.01168004,11.80913158,11.95119872,12.17176666,12.09427002,12.23406903,11.96974872,12.05797328,11.64631755,11.72382988,12.17680296,11.99265678,12.06348222,12.80964818,11.48780473,12.54071162,11.64723312,11.23528403,11.88802686,11.52904257,11.49184354,11.54055977,12.10850045,12.84241566,12.15209352,12.60588903,12.62066577,12.36319082,12.64854764,12.03760828,12.33050525,12.13119123,12.42981547,11.4512499,11.84028634,11.33959425,12.05347271,12.1020883,12.12963757,11.94939596,11.74038044,11.7956784,11.7805257,12.20013076,12.56618221,11.71625415,13.10465709,12.88575252,13.09113704,12.85415503,12.6452985,12.83872653,13.11634436,12.00046929,11.94590051,11.58486835,11.47763049,11.7485554,12.25551453,11.26908701,11.37177666,11.80302057,11.39355342,11.13432745,12.58079526,11.64432197,12.49237759,12.62332523,13.83297545,11.97789046,12.80333904,12.68706715,12.78538158
P10147,10.40937911,10.72331985,10.04510602,10.47718116,10.67833556,11.0700098,10.79665174,10.6314662,10.79117434,10.87614996,11.33440672,11.81930689,11.12998546,11.73652101,11.78667503,11.78712941,12.21565226,11.8512299,11.77242728,11.20545318,12.32539846,11.37612691,10.60370723,11.88953682,11.56714215,12.13382484,11.36220537,10.82985943,11.31265175,11.196146,10.51043049,11.28372417,11.58178987,11.06092094,11.02907117,11.32524467,11.18547833,11.39948068,11.23185209,11.14305536,10.55830871,10.7133497,11.28626939,10.99363518,11.11657577,10.94597878,10.92796117,11.2656008,11.05098744,10.73227581,10.08776934,10.71872762,11.70106014,11.07688914,10.94751189,11.8876797,11.26182013,11.11612459,11.01123847,11.09094897,12.28412994,11.24668706,12.27964374,11.5870043,11.46380216,10.40885042,10.90978457,10.98756406,11.20832975,11.01829951,11.00257467,11.08756502,11.60494203,10.97876024,11.05376548,11.50467158,10.88475722,11.18704238,10.87155564,10.72146671,9.993916151,10.73829772,10.78965011,11.00287614,10.72641956,11.31924735,10.57776478,10.86695346,10.84426294,10.42668065,10.35045193,11.23094171,10.95115037,11.20726245,11.4140315,10.22551231,11.55959358,11.57652707,11.30362581,11.70427602,11.16009555,11.42259095,11.18914248,11.45790765,11.7382723,10.88031915,11.35909395,10.88963695,11.31016679,10.96353542,12.20593786,11.24714029,11.90076395,10.83397538,11.29881011,12.05346975,11.33689272,11.03346097,11.06264147,10.8280846,12.286779,11.68909008,11.87953194,11.5212385,11.28097667,12.03032803,11.53956971,11.69368375,11.37405695,11.60268974,12.11140299,10.20851994,10.61719027,10.38913786,10.32986598,10.41075498,10.27525922,10.13260652,10.55552764,10.16846679,11.45719202,10.65707091,12.26987125,10.87978231,10.45915977,11.20562468,10.8456248,10.73922653,10.65869071,10.95687067,11.37770437,11.59417081,11.72120495,11.7091838,11.38409809,12.3003931,11.49780588,11.62960863,11.5829903,12.21340625,9.985344724,10.66670078,11.46640965,10.4736376,10.76454866,10.76740366,11.11369202,10.41728761,10.56404657,10.42402464,11.41879289,11.20490489,10.9915705,11.17508823,11.21003095,10.93045657,10.90618747,11.38640115,11.35277328,11.57365246,12.04916269,11.23815743,11.03345615,11.51631759,11.40621063,11.99917775,11.71982598,11.46474561,11.44820974,11.52813828,10.8484714,11.33493407,9.967979724,11.4050761,11.01093959,11.93548855,11.30277966,11.10636391,11.35525579,11.4055909,11.32670118,10.84719756,11.04679331,10.87025516,11.06633912,10.59437497,10.72644842,10.76844484,10.94024557,10.86944118,11.77864906,11.736206,11.54787982,12.19517264,11.41948686,12.45762015,11.32163971,11.35296305,11.81329197,12.46825211
P01031,13.19348017,13.79382943,14.10189632,13.59591499,13.84132857,14.05888317,13.80132319,13.64310993,13.65605154,13.5086348,15.59243987,14.16929002,14.36371079,14.65684185,14.53406409,14.62215043,14.50643107,14.00462076,14.42939556,14.84252411,12.36015176,13.68788391,13.65188708,13.62830998,13.63112483,14.87388992,14.20150136,13.96344825,13.8287724,13.45752437,15.40891261,14.46608889,14.59489732,14.82510433,14.3673597,14.17984411,14.50070033,14.68166823,14.33123595,14.20775223,13.45398516,13.77311659,14.93318984,13.52842973,13.8509173,15.03525868,13.82508983,14.37940392,14.03293582,13.41942457,15.34680868,13.9361576,13.00916723,14.12026934,13.90343586,12.93432693,14.23508247,13.81062837,13.9558561,13.56030548,13.93029653,14.15428156,13.98968773,14.25496692,14.19492694,15.06782196,13.77956994,14.68818531,14.10856825,14.57662056,14.36531106,14.13227417,13.58730138,14.24404898,14.06351568,14.91276725,14.06742184,14.45787006,14.38638982,13.49058838,14.03175335,14.26252926,14.26336893,14.43381685,14.12252629,13.40064897,14.07284623,13.88338914,13.94097949,14.14368684,12.93648786,14.07213047,12.4933785,13.76357656,13.58822408,14.11941391,13.52841645,13.71021055,13.93565135,13.90643994,14.04069394,14.4225573,13.97265608,14.28845463,14.39483041,13.70767687,14.20959164,14.45393179,14.33297738,14.21677655,13.05664353,13.92335211,13.18406271,14.1027931,14.1138364,13.7539142,13.71561677,13.75350968,13.75606421,13.07595538,14.33202808,14.46829321,14.94948767,14.28429683,14.6872649,14.29231857,14.51752693,14.77964212,14.51184367,13.89241043,14.62219279,14.46692311,14.13297393,14.41327282,14.27836363,14.19852112,14.51292193,14.24309669,14.41927983,14.57642797,15.15858095,14.24438392,14.48895524,14.19418714,14.39820272,14.55371478,14.56280816,14.14813316,14.23187603,14.54772088,13.99858992,13.18713233,13.2920961,12.86960863,13.21378864,12.73634407,13.3777195,13.40788162,13.39070172,13.00076532,12.66865028,13.86049764,13.25797175,14.05980257,14.16555566,14.33165309,13.80967137,13.8607326,13.95105288,14.11013084,13.95270905,14.3253106,14.61546701,13.86095161,14.2091079,13.4264408,14.07626998,14.48605409,14.1606291,14.06538488,13.72856194,14.4506642,15.09043482,14.28634976,14.28599207,13.57348365,14.16314869,14.40382309,14.2664211,14.45019682,15.13568175,14.12701663,15.07928922,14.31884099,13.9874001,15.00767633,13.89007022,14.38063891,14.27861256,14.27957081,14.64442906,14.12181656,13.84758523,13.66217725,14.11113801,13.57696103,14.42664693,13.70990239,14.15493526,14.5965209,14.63240933,14.31319893,14.01892461,14.48883803,14.1742388,14.85010802,14.60350308,14.464284,14.61076979,14.19449288
P02741,15.30730394,14.42378106,15.60195893,14.70421316,14.57233954,14.36249053,14.58727427,14.36995612,14.36361989,14.48185387,15.18914202,16.20812225,16.11963383,16.07987947,15.84864643,16.82269725,16.37632271,16.1694183,16.31531441,16.53801452,14.45453996,14.07366599,13.77068503,14.67322641,14.37949495,14.04002633,14.37272213,14.55422697,14.14917893,14.88781672,17.24790719,16.68316485,16.94272001,16.9142313,16.73513042,16.00308175,16.74534256,16.79317945,16.70809316,16.88161566,14.61905952,14.89811643,15.35155593,15.07653537,15.14903341,15.11669613,15.56036959,14.81408077,15.03346584,14.94233754,14.65656337,15.34729249,15.18696927,14.99527971,15.37800622,16.26694881,15.26418173,15.6326462,15.29557934,15.37564056,16.75104834,15.94464859,15.19940924,15.7223366,15.75139477,16.36823764,15.77599082,15.96367433,15.94447898,16.37243426,16.27737297,16.31156232,16.3913087,16.13566467,16.26110039,14.90190296,15.68949343,16.35404704,16.05500687,15.76266781,16.34600991,15.66988149,15.06625534,15.31150609,15.50272183,15.00454099,15.44468548,15.30958884,15.44345043,14.96073301,13.48696767,13.88605998,13.89914707,13.75211778,13.76042045,12.58342108,13.56093828,13.7045395,13.88094912,14.39467341,16.87324601,16.80359639,17.26114429,16.50201397,16.920152,17.24917834,16.68310812,16.66020759,16.86288781,16.36920674,13.94175691,14.92806421,15.61718953,14.86341439,14.62682252,14.84124322,14.83013534,15.06754443,14.68535946,15.25513018,16.60311061,16.03310457,15.65708725,15.98693207,16.20552668,16.46384346,16.02197351,16.14268953,16.15418938,16.36460721,13.4279052,13.80824882,13.58448045,13.53357941,13.64685099,14.09281404,13.96101398,13.83916504,13.63709553,13.34695259,16.48016388,15.47485854,15.45956633,15.09279068,15.65107061,16.49164115,15.49758525,15.45383157,15.66825028,15.59306347,15.53744131,16.18648407,15.61611307,16.37274177,15.96438984,16.45294991,16.2491931,15.51801264,16.07022378,15.77975594,15.27176631,14.38669036,14.55528397,14.53757104,14.45454784,14.05222518,14.32344387,14.57258929,14.61065921,14.55037732,16.04647229,16.07972321,15.74691012,16.002163,16.04815872,16.3642121,16.47564995,15.72714177,16.11020999,16.29106267,15.66801897,16.97230331,16.30026537,16.87326841,17.0225199,15.99575372,17.02613348,16.56082348,16.82387134,16.16070214,18.39667516,16.45905851,17.16512697,16.51757117,16.4136811,15.82916679,16.38044668,16.50357929,16.39655659,16.62728392,16.13300526,15.38336919,14.65988134,15.91400787,15.4000489,14.7556618,15.76278365,15.00538487,15.55394129,15.4701436,16.63368293,16.5153833,17.00384961,16.96458837,16.58848442,15.62686869,16.57507381,17.06624418,16.6287502,16.73549786
O95998,14.81719701,13.17374506,14.02143687,13.34355157,12.98319071,12.75219221,13.45361103,13.07469532,13.14386305,12.99842431,13.0571582,13.97252018,14.25519697,14.15744845,13.77450373,13.57797337,13.87999198,14.05644905,14.04732144,13.64152611,13.00218076,13.07480185,13.91782751,12.77366952,13.11040849,13.47454137,13.09836731,13.28254788,13.02232519,12.50592611,13.65222132,14.2755922,13.29499547,14.28122185,14.42694563,14.54816253,14.07845493,14.19531989,14.0933367,13.98629056,13.3859539,14.0477765,13.70021071,13.94448469,13.82068813,13.37520594,14.21411866,14.18376835,13.95325912,14.10519673,14.24545794,12.89965267,12.38937413,13.42723615,13.13549349,13.31260232,12.75553174,13.78295166,13.07484782,13.34697242,14.33634327,13.52335487,13.11915418,13.63318896,13.41343169,13.49472042,13.69091382,13.35470663,13.53339997,13.62091729,13.59048021,13.74673525,13.40257687,13.9967622,13.764387,14.03647155,13.65610314,13.83489281,13.71708944,13.39664278,14.59840125,13.26178602,12.82238042,13.73648682,13.77427038,13.15746864,13.36347569,13.27900211,13.41847392,13.11819708,13.74213967,13.43258946,13.70302795,13.11348241,13.36946586,13.99025292,12.8764955,12.91547682,13.34233382,13.24223192,14.7574463,13.80076576,13.80780314,13.63434057,13.96050155,13.6604492,13.95910686,14.15009584,13.65542932,14.2782306,11.65824342,13.48779906,12.87840481,13.80894902,13.39035556,13.97406264,13.20542592,13.7184884,13.50607232,13.88585328,15.32053916,14.89377346,14.00239602,15.12048052,14.97544092,15.20971273,14.55725216,15.03149787,14.99047528,14.82948577,12.31491764,13.27080229,14.01476508,13.14587096,13.24721826,14.238035,13.15780727,12.81403868,13.31123994,13.36771603,12.07781393,13.41980574,12.41575787,13.41053353,13.42808098,13.77828697,13.16180008,13.30789685,13.55915671,13.8081596,15.23427675,14.47881169,16.42127432,14.09270213,14.54651803,13.91563453,14.16366398,14.50829566,14.60105906,14.44304525,12.43886151,13.28008011,12.8742921,13.57157987,13.08955457,12.45561912,13.05178829,13.48515672,13.13951123,13.04859115,14.35974101,13.80155779,13.91731869,13.80009906,14.01881907,13.32132743,14.33620909,14.18261895,14.13234922,14.33947534,13.39152625,13.36082854,13.61924522,13.84718588,13.3880259,13.70907255,13.28609807,13.23968024,13.44544705,14.04599882,14.44618236,14.34652882,14.72082577,14.3628606,14.20642925,14.54261552,14.51049726,13.90961671,14.30536294,15.01505297,13.26200908,13.44332733,13.04996144,13.44741698,13.73120387,12.6548829,13.74834611,13.53560641,13.45439007,13.21927398,12.79936489,14.03711018,15.74963336,13.8613675,14.05200278,14.45762162,13.80781832,14.01725379,14.03054035,14.07044366
P61769,12.90565053,11.38148493,11.77805637,11.69010444,11.53339602,11.96685352,11.66619271,11.00719393,11.22010009,11.0044668,11.9608143,11.96955045,11.69542652,11.84099381,12.11133373,11.46912966,11.62281895,12.00470613,11.69393685,11.94105846,9.489802718,11.04675266,10.49926855,11.398014,11.35993483,11.07965368,11.04880697,11.41145359,11.06363582,10.41871321,13.02394966,12.20314608,12.36330003,11.78763639,12.20427497,12.06435083,12.43588593,12.14071729,12.2667193,11.57962145,10.86316029,11.77948964,11.60041179,11.62504047,11.7328157,11.86648131,11.86027376,12.02589228,11.90147436,11.40475857,12.74596574,11.00905477,10.60490156,11.19437335,10.92301318,10.89079222,11.31375196,11.11617732,11.14077869,11.47150179,11.97050065,11.53040075,11.75346624,11.2006428,11.53901492,11.17938136,11.73903011,11.49295038,11.68221612,11.28071738,10.50470203,11.86014827,12.2238509,12.05222239,11.79296974,11.9080806,11.70391524,11.72809782,11.61963126,11.80553153,11.02476315,11.66449541,12.18121047,11.81154469,11.7088827,12.43063207,11.71422688,11.60581159,11.4836774,11.20382817,11.75141404,11.22294935,12.14873536,11.275221,11.31849735,12.42382113,11.51891187,11.72546065,11.50189093,11.54838647,11.95223349,11.54281053,11.89952666,11.64481262,11.79438048,12.11404614,11.83838862,11.63205297,11.80257944,11.49199405,10.76418498,11.55168246,11.13792645,11.44493819,11.55522865,11.46253048,11.78400079,11.75384174,11.71654846,11.47872626,11.27720456,12.37309734,12.72149912,12.22533153,12.22544502,12.57499132,12.69672266,12.29000371,12.39149084,13.1503146,11.36933959,11.15012712,11.10960909,10.91581307,11.40131455,11.54829131,10.96064541,10.89589062,11.16847814,11.59996992,11.8724433,11.84889131,11.76747297,11.69700837,11.49684393,12.03437508,11.94667462,11.96861937,11.89136184,11.98537256,13.75576841,12.99044108,13.84932878,13.31564513,13.01955093,12.55364675,12.86250523,13.28532387,12.97703557,12.90517431,9.663286698,11.51640994,11.76818539,11.57288022,11.49280127,11.52314089,11.71366072,11.39490963,11.34864971,11.82135286,12.80875405,12.18759618,12.07122267,12.20711628,11.91516687,11.7457282,12.20928399,12.18174879,12.16043342,12.05640951,9.716453522,10.89384106,12.08281221,11.1333959,11.41252391,11.44417887,11.34257725,11.14734614,10.92413012,11.26514205,12.60977286,12.18345791,11.72720433,12.12464643,11.83037926,11.29162398,12.09269974,11.96216312,11.92751715,11.77430338,10.75988197,11.71620631,12.88952176,11.38804614,11.87933106,11.1688789,11.85560211,12.19592253,11.73545653,12.15557219,11.19780623,12.09181803,12.16533868,12.52015218,12.04115814,12.03488157,12.17698473,11.47219661,11.90113826,12.73101663
P55774,11.93635426,12.71288548,13.41672297,12.87533437,12.8053186,13.72313238,12.53220892,12.70514112,12.87889164,13.36341538,14.72223582,14.85267607,14.41173831,14.51286997,14.95354137,14.26884686,14.4903504,14.97338518,14.5655006,15.4638892,14.9157894,13.34173089,12.83670511,13.84754131,13.6824,14.57648783,13.53784912,13.55720968,13.57549265,13.49505156,13.32815557,13.66578097,14.93883862,13.42664828,13.6989373,14.31516591,13.47755629,13.34415218,13.7272125,13.75090914,12.9100002,12.86007726,13.07126375,12.79960266,12.88312517,11.81556103,13.12249869,12.90085871,12.98116686,12.95583622,13.70619551,13.11273089,12.26504768,12.70835081,13.30070943,13.40842685,13.0574976,13.48731667,13.10429502,13.62547971,13.95606681,13.81794256,14.58426922,13.99723912,14.14198208,13.78174544,14.1776306,13.24273945,13.74213054,13.42046402,12.94648226,12.86567043,12.2444103,13.34546577,13.31534311,11.70394818,13.27657257,13.1434814,12.87481169,12.79648642,12.58088522,12.89787324,11.40364753,12.68655859,12.85401948,11.18478858,12.78589971,12.82190965,12.83084533,13.10179284,12.27023954,13.3521812,14.30559986,13.63643317,13.51506339,13.70001422,13.55666051,13.47526936,13.46377835,13.18454176,15.08421527,13.74595682,13.10801953,13.66828082,13.68882129,12.67713021,13.78778093,13.31823993,13.67528114,12.98049594,13.71819543,13.28305421,13.42873588,13.50080143,13.66162453,12.45912995,13.55208508,13.63415189,13.44410457,13.49254435,14.24138274,14.68318463,14.07789587,14.58673945,14.53500919,14.34447946,14.94678647,14.56613362,14.48505698,14.44594469,11.37229525,11.91559638,12.93007327,12.04301833,11.94696237,12.39272129,11.85115456,11.70982655,11.69221617,11.63383313,12.02275598,12.54622746,12.79103129,12.7382506,12.08954231,12.26233531,12.36794667,12.30192128,12.52636649,13.0423521,15.2978479,14.65725958,14.46896155,14.78916526,14.76139406,15.28296319,14.57452896,14.21551605,14.81581692,14.35079997,12.24418273,12.11529169,11.78617127,11.92691963,12.3013078,11.93884134,11.92803925,12.45373391,12.08987364,12.16940205,13.2171972,12.97543474,13.18540112,13.47138828,13.177644,13.76709675,13.71242735,12.90963688,13.27189683,12.58512382,12.55365631,13.73742382,13.94349353,13.58954065,13.72915834,14.4316526,13.99187913,13.88465309,13.84131171,13.89456033,13.69730989,14.28966145,14.37200465,14.36328602,14.16703758,14.50898168,14.26697756,14.46191252,14.24884819,14.15672966,12.92555156,13.11060856,13.78312572,13.46026817,12.86560049,11.98603069,13.00354223,13.01170499,13.05781731,13.02622986,14.53655885,14.56054365,14.21520021,14.78480385,14.63584389,15.78667846,14.79647868,14.85666992,14.70695807,14.73896241
P02748,16.04193895,16.73351647,16.79913502,16.58102593,16.95039345,17.29899369,16.48559186,16.6984029,16.55138787,15.57925162,15.78210864,17.00923497,16.83264335,16.9021708,17.13674145,16.59431533,16.6920948,17.39974739,16.8575241,17.77600985,15.53617718,16.58517412,16.90951066,16.97637531,16.54116579,16.73291009,16.51780521,16.80214371,16.4792259,16.59247996,16.6852705,16.9124253,15.79217406,16.99442849,16.92881962,17.35318149,16.90296321,17.16210813,17.25290297,17.66487613,14.79588351,16.83197309,17.34110175,16.71020936,16.68398076,17.1156711,16.76904998,17.1175454,16.75589297,16.79999586,16.26125671,16.68456056,17.53305416,16.71594637,16.24845432,17.39209204,16.88662064,17.05025646,16.6385044,16.93881743,16.68412499,16.63940688,16.97401125,16.79450535,16.70050367,16.64113873,16.6247114,16.4620162,16.69435833,16.18079669,18.46657835,16.98169513,17.50200755,16.97815757,17.0741994,16.71013708,16.85276693,17.07894432,16.98338147,16.95667093,16.19755507,16.74679211,16.53801977,16.94549664,16.86214947,16.03139204,17.17967563,16.83298371,16.90432921,16.56829221,15.93917188,16.54454663,15.70778661,16.62044855,16.49238407,15.9335132,16.66022323,16.48517373,16.37064857,17.03079653,16.88903722,17.34061635,17.53340947,16.96553725,17.35980404,16.87228859,17.40133728,17.36166338,17.35973913,17.24146712,15.41171111,16.31968777,17.02569513,16.60164445,16.37773492,15.9174138,16.30049896,16.68665534,16.38632903,16.69079631,17.62592825,17.18997006,16.77396927,16.9429559,16.90423506,17.19930385,17.07791406,16.73989963,17.10625749,16.75863607,16.13586877,16.60648651,16.34744321,16.47054855,16.52576322,15.95696717,16.90620204,16.29211668,16.74541862,16.97177853,16.56413883,16.93829582,16.33254638,16.84671041,16.800072,15.69311158,16.9939836,16.76435232,16.8402586,17.0017835,17.97618915,17.10323419,16.71919659,16.83431216,17.14852487,17.64632906,17.12322441,16.83370893,17.15098552,17.15332009,16.23586841,16.793063,16.90179919,16.84993957,16.8703993,16.40799793,16.80892604,16.83053801,16.65926736,16.60880973,18.19228897,17.03673535,17.10216147,16.60026236,17.19610196,16.83264624,17.13639588,16.82320402,16.85076218,16.9558365,16.42915133,17.27308832,15.70528753,17.0674824,17.29180296,17.20406858,16.911053,16.6399739,16.93720506,17.4601342,17.45969836,16.83482402,16.76230738,16.93125418,16.81135631,17.88694942,16.56735504,16.86422359,16.88964419,17.14290598,15.73520421,16.62521421,16.62917107,16.7025806,16.84789657,16.49878175,16.89380469,16.23060558,16.53956108,17.17046746,19.26311012,17.49035854,16.92337035,17.29193088,17.25167178,17.81761103,17.25211017,17.25104984,17.2502782,17.25849947
P20333,14.04676173,14.26397236,14.06946058,14.08815067,14.27289317,13.64231542,14.08189324,14.37781268,14.33251325,14.1330296,15.66794248,14.86669192,16.05102434,14.62502552,14.96659338,14.64722521,15.01604608,14.87400035,14.74741013,14.71801265,11.91465679,14.10639136,13.21038043,13.51145175,13.63061934,13.72611717,14.61599361,13.82635416,13.97353382,13.35785765,14.89980622,15.47348571,15.27252458,15.15250813,15.50463211,15.33439209,15.44305308,15.17677937,15.29423247,15.03255194,17.979419,17.20227936,17.53735787,17.27828158,17.14922761,17.1774308,17.28283202,17.19925857,17.11797772,17.24420678,15.1152119,14.17819555,13.81037229,14.24311846,14.26446715,15.57906148,14.25402561,14.58917399,14.26517769,14.23739106,14.167485,14.63766259,13.83968042,14.63972007,14.47351003,14.66121983,14.55701834,14.60416866,14.55426034,13.88060754,14.34956374,14.57208519,13.6062193,14.64969289,14.43019808,15.13902174,14.64231233,14.39402197,14.55017868,14.80660862,15.17756025,15.51968103,15.70723879,15.37658426,15.66757708,15.90661918,15.50002458,15.39207359,15.58184329,15.845223,15.60359667,14.40874434,13.90584658,14.63942127,14.19769297,14.72053074,14.46861386,14.30305938,14.30207031,14.88280744,14.40608583,14.96482629,15.58583382,14.6887146,15.1255339,14.13179057,14.7890239,14.79810219,14.87584534,14.90028071,17.2249079,14.98770876,13.98503574,14.79490118,14.59447142,14.62078488,15.06205991,14.8891477,14.76111744,15.26616904,15.72502755,15.84737378,14.93136815,15.98242353,15.96813415,16.85879075,15.9300174,16.16404637,15.82402883,15.78148755,15.36883322,14.61026199,12.87112994,14.82792007,14.46839055,14.77063734,14.27677182,14.41954685,14.42427584,14.9752338,16.23514127,14.67036251,14.61624423,15.19435702,15.14178093,15.36607331,14.77347477,14.82788552,14.61679538,14.7518658,14.82490602,15.19347127,15.25632096,14.93602633,14.93931846,14.98953058,15.2882223,15.36852409,15.11582772,14.67592804,13.98735912,14.19143075,14.96376651,14.6318564,14.62283962,14.90376298,14.35311831,14.51142325,14.63796282,14.80828932,15.32635504,15.08012779,14.39407013,14.8654254,15.13282069,15.65702519,15.05519893,15.09919038,15.06979071,15.60726141,14.03642365,14.2992816,15.01908338,13.77806687,14.46608358,14.57249074,13.97509677,13.9874885,14.31824123,14.12722099,15.45120485,14.87475884,15.52356199,14.68537372,14.62479455,14.55353125,15.05697718,14.86786299,14.73213359,14.98860146,14.07797464,15.06138204,15.36841564,14.99417847,15.31447086,14.93399584,15.31390446,14.62891591,15.10271348,14.84687779,14.92870096,14.94423011,15.64590905,14.9954313,14.96881963,14.88246701,14.69014447,15.02361777,14.86507841,15.2249621
P0DJI8,8.576633575,9.785685411,10.51163111,9.356598019,9.336962443,8.747240468,9.484483297,9.513002256,9.417289879,9.667774196,12.37869466,11.79459007,11.93493518,11.57906173,11.59350574,11.74271894,11.74844404,11.81973914,11.58418923,11.88534002,11.89535163,12.28280675,13.06271824,12.46061181,11.91256463,10.78732481,12.07835078,11.67804904,12.18760634,12.25924756,10.71553203,11.56213905,12.78831446,11.50397818,11.64607849,12.05120394,11.30576848,11.41151411,11.55049507,11.92464183,8.778388336,10.34018647,10.77543022,10.59935649,10.76356959,10.06105096,10.14598622,10.66963792,10.64195161,10.21870196,10.81483934,11.12601517,10.82598784,10.67479611,11.08948618,9.926465203,11.44676191,11.10516026,11.15873872,10.95555854,9.491907132,11.50595189,10.33411036,11.41955619,11.60650557,11.67210541,11.48013774,12.1811635,11.5783383,11.40538113,10.8733824,10.90835431,11.44327506,10.92681861,10.96317954,11.52755828,10.97421767,11.04400937,10.94555249,11.11316732,10.15573641,10.75167004,10.34998108,10.47035529,10.28875101,10.29260619,10.76801078,10.64833599,10.6007406,9.970593417,9.975222514,9.560106698,9.512361527,9.654916182,9.783685264,9.565901112,9.388760128,9.610729971,9.762736443,9.427184564,10.63904791,11.40347456,11.46183032,10.8642447,11.20426741,11.2980789,11.12769898,11.61761883,11.20377942,11.64579551,8.907758282,8.438986883,8.277175704,8.298038948,8.700618735,7.56682772,8.759269107,8.401286266,8.591100197,8.083398125,14.47646616,13.08728442,13.19306317,12.80607914,13.21532482,12.99678209,13.01037789,13.34445272,13.2445692,12.51749667,8.907784438,9.751099698,8.797156563,10.15693076,9.64682505,9.763622564,9.689618573,9.542622494,9.792839558,9.872498659,10.62052672,11.74424823,10.32633898,12.133788,11.60752958,10.6373047,11.87186006,11.94359631,11.67849972,12.00186107,12.6702423,12.00681155,12.33473913,11.35701797,11.81545623,12.84051724,11.46410099,11.82095117,11.82062213,11.72845163,10.6219172,10.22133909,8.616870105,10.08496016,10.26613233,9.691775928,9.806987759,9.955480095,9.902096221,9.677078498,11.67312024,11.55713808,11.50854549,11.49582126,11.56512713,11.99687216,11.49590982,11.7129215,11.58025384,11.17025303,11.26331379,10.99052656,11.02054868,11.08288725,11.13964224,10.1070313,11.31842169,11.33088879,10.93449461,10.58426318,11.01231235,11.20292068,11.01429494,10.81783969,11.15351927,11.13893316,10.77843207,11.57738368,11.30309152,11.50321901,11.51764403,11.38972325,9.940978012,11.00908612,11.27839748,11.4601794,11.07892906,11.47181729,11.11221796,11.46239188,12.90599311,12.53765392,12.58198167,12.66491864,12.50803736,13.27583555,12.40014744,12.52858838,12.50588432,13.01816982
Q07325,11.00022817,10.15444999,9.308622589,10.55332541,9.933800013,9.914557433,10.09747461,10.35575521,10.14673291,11.00628714,10.84122566,10.8810178,11.49994406,10.93876304,10.92370571,11.86138616,10.70138821,11.10880921,11.06736041,11.0539832,10.58331116,10.26397833,9.21852728,10.55212286,10.41396433,10.70477667,10.45239644,10.46696443,10.28366735,10.48639197,12.17275732,11.58783937,11.85040762,11.94908571,11.61569133,11.2135602,11.63821204,11.58664896,11.58909643,12.05060387,9.383304096,10.23611781,9.957990053,10.32114898,10.41911652,9.968174228,10.4456794,10.20048132,10.23501976,10.55231804,9.959418386,9.915262124,10.07174691,9.934495425,9.890433584,9.951889103,9.799528374,9.826309872,9.996435796,9.660333336,9.553322298,10.01627269,10.04576777,10.14911909,9.869801251,9.772303676,10.14783032,10.61969409,10.01168148,9.971142111,11.36482732,10.97655254,9.889334375,11.13386056,11.20341284,10.51852492,10.8848377,10.8342316,10.85825177,10.81645021,9.966727432,10.11720741,10.34751428,10.02218345,9.88693368,10.39855853,10.46246708,9.736453129,10.12636221,10.27952793,11.61295533,10.79017305,11.47201357,11.17771077,10.61592639,10.58714579,10.86021883,10.41285737,10.88294589,10.4614142,9.994920438,9.92434817,10.60933865,10.06817335,10.08533471,10.06143604,9.644350709,10.2952884,9.947595586,9.594300319,10.50069205,10.53489724,10.77230983,10.77500725,10.47583855,10.59441899,10.27112572,10.24709747,10.39929859,10.50791488,12.97605064,11.86756863,12.74809578,11.18568809,11.60942096,12.43307621,11.63508008,12.02910277,11.85298814,11.79288506,9.819795907,10.06308054,8.947896199,10.46998525,9.898773172,9.488617046,9.961953893,9.855607188,9.807277307,10.64634894,11.07849201,10.82676734,11.35889387,10.79895403,10.89029921,10.73875307,10.58753713,10.61008854,10.9063836,10.8746486,10.50270534,10.98271573,10.98588694,10.94469148,10.38999515,10.56531712,10.72007455,10.62599801,10.82844793,10.76764884,8.618151249,10.12935497,10.15072169,10.34543006,10.19080513,10.4946362,10.32098535,9.885550816,10.19889096,10.16770996,11.49295315,11.58305102,11.96510741,11.41895542,11.35693495,11.54181882,11.42803316,11.79988872,11.53892533,11.71696856,9.604970178,9.589052059,9.245318159,9.874140933,9.897300522,9.553828707,9.582312991,9.768369477,9.679856888,9.267794331,9.373354052,10.41606869,10.67628604,10.58962445,10.58797471,11.6136728,10.56191122,10.66503387,10.44591494,10.57002937,9.045351599,10.58165576,11.46405104,10.49886856,10.38139276,10.81069583,10.08403413,10.69220649,10.36032749,10.02363016,12.07339188,11.11477369,11.05732668,11.25634783,11.04461356,10.69583156,11.24151609,11.2117213,11.0679684,11.13906225
O75015,11.72161211,11.14640445,10.96658021,11.54786223,10.89585433,10.85357558,10.8700003,11.03334628,10.89533105,11.01609994,10.43581775,11.68736849,13.15574974,12.00994689,11.78056112,11.6490293,11.84120746,11.80201073,11.76933863,11.68706306,11.01838273,11.00228378,10.21572903,10.5475877,10.68993784,10.44783424,10.81114561,10.92163097,10.87276706,11.21040408,12.56423696,11.93379008,11.10106819,11.64684148,12.34809914,11.99397815,11.92828999,12.01183291,11.97999375,11.97446469,10.97532079,11.69179875,12.40586944,11.4945372,11.68076823,11.35914525,11.81250114,12.00190011,11.68004456,12.29075933,10.46413696,10.74911396,10.70765707,10.89825167,10.75545332,10.56989947,10.80432087,11.05340801,10.86324172,10.7941507,11.6580924,11.27510035,11.4338432,11.3168785,10.95096241,11.40596587,11.0138625,11.14853876,11.28320153,11.99178603,11.92913593,11.84647481,12.50652128,11.74637954,11.82547285,11.29389645,11.93689279,11.75505133,11.76781532,11.66757963,10.99933587,11.12229057,10.97433331,11.32541334,10.96654711,11.10858016,11.42549502,10.74467382,11.17069736,10.70662161,13.495159,12.08989371,12.16125103,11.81888804,12.0778031,12.49553289,12.15438183,11.89194,11.91224626,11.89638621,11.8358321,11.64426771,12.34650953,11.60605995,11.70391224,11.02374513,11.66859366,11.18906375,11.5298165,11.69738051,11.67949359,11.4356719,11.22117107,11.37012185,11.48363447,11.59125053,11.53257841,11.73405984,11.37606711,11.41117397,10.87868868,11.81109756,12.68985691,11.55007464,11.61134108,12.26028505,11.83774936,12.08469246,11.84089794,11.75326676,10.63669183,11.02413327,11.3993589,11.03297138,10.87627996,10.8972523,10.53189322,10.69956209,11.0649543,10.85101899,11.51359598,11.3475002,11.59105709,11.45468209,11.464616,11.54363106,11.41584525,11.80960298,11.5864998,10.98378055,11.40728547,11.28828894,11.78445516,11.63929554,11.43730379,11.67962554,11.86778654,11.17541185,11.4068335,11.32674438,11.98127336,11.41095977,11.52107319,11.18010884,11.55648176,11.14243133,11.18349883,11.6359096,11.30784734,11.27132653,10.89128142,12.39338087,12.02448197,12.07106885,12.35480506,12.92003877,12.07778918,12.15433112,12.21556314,12.13047696,11.15840842,10.65062249,9.485392474,10.64082903,10.8634005,9.78504833,10.57949359,10.80825226,10.67739963,10.88567229,12.24565941,12.14665102,11.74344749,11.59545959,12.00518723,12.55592346,11.69433664,11.38718055,11.92077958,12.00054975,10.44627769,11.11613371,11.15846857,10.71031526,10.61399229,11.68009288,10.76788095,10.88674865,10.95105695,10.55197853,11.41971321,11.83623614,10.77010979,11.86479095,11.75004654,11.4435923,11.78191649,11.94668924,11.56923058,11.18338537
P19438,11.59774329,11.16619406,10.79246072,10.59973218,10.85476557,11.01855876,11.1499794,11.14922622,10.9052319,11.12612674,10.38759282,11.13489133,12.32697568,11.24460466,11.20346165,10.74532651,10.98738331,11.38500594,11.32392004,11.35113945,12.63983131,10.6602698,10.83631319,10.60075097,10.74214907,11.48893621,10.56441052,10.73156264,10.85928935,10.73172913,12.19729814,11.44665886,11.74958531,11.45895128,11.03787156,11.39494038,11.52707948,11.66313313,11.43046975,11.36406854,11.49854468,11.15014805,12.81115865,11.01725352,11.49559832,10.22377547,11.24123327,11.42515484,11.11479689,11.33303709,11.62896153,10.84314407,12.4148206,10.8920408,11.31655839,10.35143657,10.69165191,10.97331734,10.83022755,11.18512807,11.40338615,11.11018206,11.81232637,11.40673646,11.18594937,11.31757185,11.60222197,11.17449152,11.27763442,11.07809104,11.28158769,11.13805094,10.59609247,10.95122811,11.37184765,10.78539661,11.56309624,11.02408462,11.0827804,11.32861608,11.1374678,10.94878745,11.50059915,10.96620737,10.77853709,10.58893371,10.93820856,11.30966086,11.00841503,11.42687409,11.84422466,10.7080568,10.96372705,11.06432402,11.01818173,10.90528527,10.7995504,11.38037359,10.91057122,11.08233951,13.62272014,11.40818163,11.02837308,11.86209906,11.52973357,11.08971873,11.61920922,12.32547814,11.70709743,11.76906623,12.82248351,11.02736741,10.03755277,11.50731373,11.27496973,11.2250185,11.04939594,11.59570742,11.15518726,10.86274517,12.23412923,11.83661364,12.87355318,12.03478319,12.03575658,11.21774543,11.84219107,11.62143529,12.04250013,12.07156016,11.54596322,11.35857341,11.26566301,11.460504,11.37446123,11.6992416,11.28390022,11.72193465,11.23376272,11.06963194,10.45195137,11.31344652,11.68878692,11.65490188,11.2850819,11.00742634,11.48987791,10.82370615,11.20129606,11.16379947,12.18939687,12.22074648,12.99770574,12.30764023,12.29497577,12.25804556,12.2293748,12.43631711,12.13025907,11.68272317,10.24782647,10.98033041,9.859782867,10.59852833,10.8379243,11.24547501,10.58911338,10.61865063,10.84795241,10.90691001,12.74996344,11.21172218,11.37221681,10.85187337,11.6879138,11.16977639,11.58711207,11.33052315,11.4336016,11.27290778,10.62486805,10.60601182,9.98292429,10.36535052,10.68052196,11.36814167,10.2632613,10.45563069,10.74829264,10.52681359,11.0102119,11.36126451,10.70557337,11.49942961,11.43993634,11.33394806,11.19387966,11.08327122,11.23365405,11.23331558,10.21985654,10.37157726,9.280846068,10.24634882,10.46998914,9.237418796,10.31588872,10.2867361,10.37679537,10.56590278,12.63186077,11.26008638,11.8121207,11.66126854,11.44046018,12.00620565,10.70595029,11.63064373,11.24798968,11.50316771
Q99988,11.82090596,10.16396897,9.064957418,10.11493967,10.08477482,10.9484393,10.00193803,9.785354805,10.0240103,10.30399536,10.20574647,11.23433522,10.66105471,10.82674888,11.30767533,10.88827047,10.97893921,10.89579483,10.94266827,10.95768615,9.623447717,9.663160195,10.65308114,8.950425483,9.9282309,8.990681467,9.495132518,9.699987223,9.633593735,9.22374875,10.35342563,10.60937205,11.21599547,10.85026737,10.7415935,10.23418167,10.44149281,10.88208656,10.71685606,10.62083557,11.05059378,10.48728378,10.62314817,10.03063454,10.1033819,10.07318041,10.81019608,10.25070336,10.44903399,10.35728446,10.72358454,10.27573055,9.949281271,10.20165567,9.767716069,9.39036177,10.03132275,10.27515155,10.07137981,9.805534323,10.48906823,10.46917056,10.63805399,10.66088755,10.97879819,10.76816587,10.9041051,10.41741911,10.82434648,11.10072369,11.17036076,10.65939996,9.671942636,10.52054555,10.51591675,10.57986564,10.4316855,10.65294547,10.72119683,10.13961118,9.67493034,10.06241915,9.811128434,9.894482895,9.841229122,9.911331942,9.723130052,9.82223159,9.890827384,9.884554501,11.06357472,10.35384753,10.33992814,10.64631354,10.30955312,10.09211538,10.2418225,10.39649515,10.26507669,9.624896399,9.870407934,10.31098332,9.891110287,10.26709843,10.43999384,10.0923561,9.88122502,10.51279146,10.30542929,9.961123842,10.73179638,10.4264462,10.91903569,10.10102743,10.27155953,10.36784828,10.31737294,9.953934246,10.23164701,10.13532884,14.04362453,12.20022407,13.17394422,12.68950032,12.50749108,13.13026275,12.35722404,12.75332012,12.47690247,12.20484117,10.94414298,9.899865559,8.605181947,9.377111506,9.808516337,10.05558294,9.995117348,9.790698223,9.760043962,10.19484277,11.98669261,10.67739875,10.74754388,10.91597852,10.79955769,11.46074641,10.1837977,10.54536612,10.46300152,10.36968808,11.53121836,11.80037606,12.31965545,12.163037,11.72326503,11.50799962,11.58868529,12.03535188,11.8252001,11.82188136,11.10073521,10.19009565,10.21849674,10.27883343,10.13840365,9.785477264,9.63576535,9.843536648,10.0969407,9.784499968,9.746104789,10.59395471,9.712891815,10.5290241,10.85315364,10.11619007,10.52334471,10.73345285,10.64501844,10.43493259,10.67212915,11.47532648,11.61633494,11.41601973,11.75118178,11.22202489,11.40926331,11.45802536,11.67494179,11.52688414,12.62398622,12.04977399,12.52514541,12.16120843,12.18452126,12.24458029,12.23754538,12.19748312,12.08820979,11.76828183,9.793656955,10.70776559,11.27463606,10.97320423,11.02972004,10.23894986,10.89131445,10.58283502,10.66725738,10.38458949,10.85013836,10.5867568,9.728921051,10.93582783,10.49755755,10.35019425,10.60395288,10.93150448,10.61118077,11.07325242
P42224,11.70252755,11.34243716,11.11359375,11.67933386,11.24315467,12.42470329,10.99531303,11.45538218,10.98313608,10.9058247,12.15121564,12.22320267,12.12576758,12.03280834,12.19461568,12.35664153,12.21200961,11.93364862,11.97133722,12.71114988,11.34705476,11.49974487,11.20162402,11.78570973,11.39031011,11.16140333,11.66809248,11.06790291,11.51208426,11.85993377,12.65110486,11.49064547,10.59206228,11.95095396,11.55754511,11.90925653,11.77187418,11.80566796,11.46927011,12.15876276,13.05620612,11.83271519,12.44760776,11.65642205,11.76945908,11.55908011,12.22854008,12.09538253,12.20818831,12.25441947,10.47318036,11.10284221,11.47678737,10.78829662,10.96959873,10.94609515,11.06712338,11.31443406,10.96090761,11.30183187,13.01276054,11.5129729,11.32331721,11.68972076,11.32553408,11.62600877,11.40362131,11.74064798,11.49560998,12.29176246,13.008414,11.45174598,10.96914654,11.41621254,11.65718529,11.11878784,11.84917799,11.51842781,11.48107775,11.86667664,10.78057147,11.7460667,11.70404299,11.56698246,11.41801501,11.80075448,12.39180133,11.94707974,11.6921571,12.05174908,12.66577467,11.45840296,12.52880755,11.13690535,11.40623322,11.43214109,11.4060993,11.28360912,11.51460147,11.06356548,11.44280402,10.90144662,10.29426266,10.51350921,10.9857298,9.605099846,10.73851563,10.62255142,10.89741657,10.77201637,13.42764053,11.4982336,10.13218948,11.20874574,11.39296666,10.07613454,11.40000518,11.05623317,11.16517312,11.45273787,10.208281,11.80660939,11.93362545,11.61319303,11.82887688,11.210066,11.82715631,11.78232051,11.80320476,11.91226147,11.21947137,11.14100076,11.48305022,10.9499312,11.4428536,12.05996812,11.25155495,11.67002119,11.36194894,11.41533468,10.59217905,11.70665242,12.14270842,11.99677901,11.48046017,11.62405631,11.85488338,11.54237961,11.41857451,12.04556697,11.15328861,11.33434446,11.29232464,11.40798768,11.30045663,11.87741278,11.30729811,11.66161649,11.32534535,10.9480361,10.64883118,11.36456498,12.0471612,11.5915374,11.42922662,12.08379641,11.30121908,11.67640812,11.23198478,11.01128811,11.27560223,11.95983795,11.92166924,11.79032466,11.58331054,12.13791826,11.60087393,11.58955428,11.63046315,11.64069014,11.35169695,11.20825069,11.12608669,10.9899722,11.23644963,11.5859282,10.97415926,11.29511294,11.13186896,11.16948887,11.46449126,11.58530678,11.89590017,11.62147654,11.23311844,11.96775482,11.22037672,11.47821744,11.55945641,11.81514524,11.06341601,11.17010909,10.99834973,11.57885318,11.35484116,11.4280894,11.2173788,11.68910155,11.35982089,11.0489538,12.85063769,12.44146649,12.556512,12.61033943,12.15085401,12.20368818,12.44389772,12.12768618,12.36936063,12.68701381
Q8TDQ0,11.38815261,13.17522928,13.6234715,13.48018942,13.50176572,13.11279694,13.37823946,13.68770777,13.29784915,13.07002482,13.61415601,14.10676871,14.53970295,13.78618223,14.02757457,13.86794784,13.63018532,14.26385359,13.8238371,13.8459789,12.66555582,13.2604585,13.38096234,13.65022231,13.29159086,13.20880974,12.86926586,13.20550261,13.13133982,12.45540169,13.53565584,14.00657435,13.01376663,13.8063872,13.88200744,13.48873076,13.90471537,14.32174633,14.02434686,14.04761361,12.79828519,13.99902156,14.19313648,13.99499048,14.4379373,13.93320286,13.89504558,13.6791017,13.97589163,12.86509994,13.54646402,13.4078374,14.24790608,13.62967922,13.2757568,13.57036218,13.49036223,13.35365702,13.29675444,13.54438843,13.88250361,13.4541129,13.31096934,13.85151256,13.10713581,13.4049945,13.98157452,13.68919734,13.6210169,13.75583864,12.35718021,13.75634158,14.54568753,13.82848998,13.9289492,14.37420191,14.16173754,13.72277348,13.84217583,14.06558716,14.37844777,13.13636841,13.13415019,13.32626583,13.363529,13.11130099,13.28320806,13.36937975,13.40808603,12.86826745,13.38826022,13.50028419,11.86752618,14.12345033,13.58151125,14.04208515,13.35668934,13.06380854,13.69252063,13.35607138,13.23651913,13.88415828,13.03914269,13.50081469,13.89952754,13.09954457,14.02973826,13.69598564,13.81442784,13.63327657,15.549937,13.87249662,13.57066565,14.16101697,13.80926835,14.26525054,14.14065671,13.56458749,13.93267831,13.3944479,13.98702917,14.31765982,14.38911738,14.60856622,14.49272209,14.85169375,14.17164422,14.40291592,14.43134564,14.71748315,12.73788566,13.64809144,14.12775385,13.86386354,13.4114963,13.097536,13.95289794,13.48139692,13.49548,13.50335292,14.33189018,13.87309679,15.1953189,14.08314669,13.78592619,13.79849538,14.29827188,13.69758879,13.867715,14.15001842,14.34282344,14.07874682,15.47973076,14.45340675,14.10899408,13.6905008,14.51035154,14.21013724,14.25407136,14.25233428,12.71166491,13.52406591,14.0826653,13.32216376,13.50788258,13.29050601,13.6237452,13.4182399,13.36585676,13.72494021,12.39767951,13.72824397,14.27687323,13.87805933,13.88196544,14.17654361,13.83595666,14.13211754,13.88244108,13.95877423,14.88056678,13.79318665,13.42560616,14.12003765,13.76633083,14.16362572,13.93054414,14.13142939,13.71622515,14.16641869,14.21881806,13.95385228,13.59248778,13.41425845,14.05075055,13.86972912,14.11572812,14.10604106,13.97239503,13.76012718,12.81064139,13.58015779,13.30123673,13.39915548,13.39216525,13.35211678,13.5114758,13.08241385,13.65946168,13.71231048,12.30445919,14.06751238,14.73853345,14.17442076,13.94329284,14.17970701,13.84316223,13.74041865,13.78133384,14.02333223
O43866,11.02445021,11.74844986,10.88866632,12.1242965,11.40567173,11.97452574,11.52981943,11.65761784,11.68228579,11.73969823,13.05901133,12.70046257,13.93303456,12.80316702,12.61689023,13.115062,12.85958497,13.04350841,12.71690671,13.29167871,11.0126286,11.61633869,11.947177,11.67569086,11.51968716,11.73827397,11.62024594,11.7401824,11.9307393,11.83501567,11.05798476,10.94845492,10.93367814,10.95037414,11.11644749,10.53270213,11.06524428,11.41145668,11.15791248,11.01558498,11.93489822,11.75114865,12.12351888,11.41117903,11.46098293,11.85895824,11.93285539,11.61282646,11.68695747,11.71804824,11.63289473,11.53712899,12.45121683,11.59553219,11.78240576,12.35950157,11.68080814,11.60961242,11.66508148,11.5829524,10.05662919,12.18740858,11.9640224,12.12830845,11.99781337,12.29170931,12.44372795,13.10782048,12.25665673,12.4862963,12.40325104,12.16051756,13.74085913,12.17746816,11.93383522,11.92749205,12.15127107,12.59635163,12.37413227,12.3110821,13.09668678,12.74258044,12.19623636,13.00125379,13.04830379,13.19830656,12.77978503,13.0388219,12.93914912,12.94980336,13.51846729,12.57304287,12.81493769,12.64620853,12.82727565,12.42471601,12.31596652,12.57712493,12.61604788,12.51063371,14.14467908,13.11373125,12.54128638,12.6671619,13.10887805,14.06266328,12.82833154,13.31593535,12.97088695,13.46026527,12.06314633,12.41675205,12.85192923,12.28685903,12.5763192,11.58890342,12.04909113,12.47245482,12.66374412,12.02101378,9.576264186,10.27780993,10.5630454,9.992847143,10.01762106,8.764385059,10.34642302,10.38533463,10.12545323,10.43546238,12.06036128,11.60000093,11.59997566,11.34477258,11.94952923,11.00943095,11.59301072,11.77098836,11.68785817,11.5531172,11.64520749,12.21747553,11.35261099,12.43234329,12.38229074,13.52485385,12.10313949,12.52393855,12.36876541,13.27499664,13.86205695,13.11959018,11.90613756,12.85450613,12.44057518,12.3761886,12.86914915,12.77882348,12.7984266,12.50444441,11.84530731,11.82446912,11.87232366,12.30755645,12.14489034,11.52014817,11.80918042,11.69090012,11.8083365,11.56822306,11.99101583,12.85703003,13.85073225,13.30088446,12.91177881,12.59752405,12.56387913,12.97143123,12.85396988,13.26502482,11.92103534,11.38132061,10.79426736,11.47962576,11.77103002,11.02931228,11.35787354,12.00109146,11.6746016,11.26877033,13.4442974,12.9160211,12.11770649,13.01289744,12.79641362,13.61157903,12.88629863,12.87904162,13.05439655,13.24300166,11.03658919,11.73137552,10.6266567,11.76468607,11.53121005,11.51985121,11.16535799,11.7593782,11.75575657,11.55789213,12.9993939,13.04831602,13.68961583,12.8082641,12.9494568,13.90585818,13.09242249,13.14550596,12.88050181,13.25313117
P02778,12.94800643,12.06663584,13.47274494,11.3001878,11.56961936,12.22568503,11.96909794,11.87494129,11.90717976,11.80239889,11.9311756,12.77111588,12.20079295,12.53991424,12.81988575,11.96835033,12.89614171,12.85029264,12.57402835,12.21689803,10.82059481,11.89912806,11.53582349,11.47667215,11.6917206,11.11203289,11.8319646,12.01293366,11.72793387,11.64620241,13.21643642,12.49502834,12.41743834,12.48615197,12.33479196,13.0682876,12.16825533,12.61952869,12.64374271,12.75178404,13.41643114,12.21211801,12.79231989,12.77240585,12.33080203,12.7286958,12.25153227,12.71171516,12.26894849,12.65722539,12.09629222,11.65095528,10.60472016,11.26162231,11.63411258,12.04130854,12.11472437,11.96948475,11.55323446,11.88814865,12.15070156,11.86403043,11.84493592,12.36239633,12.17002885,12.60190551,12.05128202,11.76533662,11.87977215,11.56280934,11.39061644,12.01612967,12.27247145,12.35382671,11.96638455,12.1450998,11.81597291,11.95324819,12.0485,11.47470391,9.701298408,12.21010123,10.79102634,12.15002896,11.92089354,11.79622891,12.40499479,12.48786904,12.03689153,11.78983647,13.70780183,12.47712984,11.90345229,12.94036682,12.66236017,11.33259441,12.68185491,13.21797687,12.62548802,12.40912455,12.78009169,11.6385684,11.80191483,11.30484087,11.62574105,12.49704152,11.64840984,11.37902583,11.59102308,12.2198795,11.4627156,11.73654325,11.7132233,11.711955,11.79605679,10.88583686,12.00079451,11.51992336,11.74227123,11.64932071,13.15662978,12.65443535,13.55911773,12.42286813,12.46822829,11.69437525,12.86228067,12.80574335,12.93672654,13.27844513,12.44557317,11.59379768,11.98823741,12.23348878,11.51708786,11.07367352,11.55452876,11.24185255,11.665382,11.76609464,11.96607344,11.99424998,11.66641405,12.43193028,12.42347468,11.6432505,12.19048707,12.28723681,12.2090731,12.13203,12.28448319,11.99727479,12.31633081,12.16317861,11.9050426,12.30084362,11.87248968,12.16512965,11.97028302,12.17979737,12.20089749,11.93783667,11.96534957,12.39201126,11.71678287,11.5906838,11.94439227,11.71146037,11.88022312,11.68779494,13.45973952,13.14685328,12.47201084,12.74887163,13.49123893,12.46172088,13.31994335,13.14938437,13.08773142,12.87904181,12.11760919,11.4586585,10.99738161,11.57725313,11.0736214,11.725538,11.58970502,11.4121596,11.42735625,11.34518658,13.52548113,12.53263845,12.12885067,12.74671286,12.59445718,12.66537952,12.68545291,12.71275629,12.55246706,13.0203759,12.15294288,11.81073322,12.13553771,11.55653274,11.82459939,12.52999465,11.45924504,11.55980249,11.71662273,11.94546585,13.21418433,12.78653402,12.36233089,13.08049124,12.85698697,11.21915758,12.26715294,12.92559122,12.77392572,12.67509698
Q13231,13.57498746,12.41711858,12.32240597,11.90833072,12.05067974,11.38969587,12.10417837,12.49789121,12.35713761,12.46159921,12.51872833,13.50414907,12.14101176,13.73212433,13.8553184,13.79896217,13.45418602,13.95097622,13.51703598,13.34255454,12.14031755,11.89353214,12.74268735,12.22156451,12.22730915,11.68633827,12.17447139,12.44480126,12.27504278,11.94553935,13.22336808,12.57150286,12.42769947,12.51916429,12.92272845,12.51321458,12.61771513,12.4058771,12.47842136,12.13043229,10.86331064,12.12631161,12.55799578,12.4060615,11.92169512,11.72007712,12.54136932,12.06847443,12.32489184,11.95041716,13.70989408,12.32493847,12.70248285,12.36385122,12.29721123,11.86457534,12.09224351,12.24711157,12.43150363,11.93552974,13.38785938,12.35947307,11.63190746,12.83829734,12.33187691,13.09496853,12.18942495,12.17893505,12.51790936,13.32042634,12.48965741,12.48687885,13.52157983,12.45348339,12.58073241,12.59466093,13.15772083,12.58075294,12.61798079,12.78807334,13.32436236,12.01470643,12.31433287,12.07471146,12.30664165,12.30075682,12.02072279,12.03921095,12.08579784,12.0877802,14.69606821,12.42840321,11.91427814,12.00151707,12.16833802,11.48246137,12.07326578,12.22245532,12.34677072,12.3786158,13.80269063,12.71187017,12.92900878,12.86849729,12.8266773,13.79360245,12.86439317,12.66761486,12.79291197,11.95461065,12.45999105,12.90944074,12.24956807,12.72420291,13.36927152,12.10935884,12.78708653,12.95483155,12.98850869,13.00196951,13.03965057,14.08878184,15.86198219,14.27451765,14.18599162,13.47569742,14.61460118,14.12894599,14.32903249,13.84548435,11.41699334,11.86145013,11.60762986,11.83255834,12.02120528,11.39018869,11.71136731,11.66770749,12.00154059,12.1870922,13.89212535,12.67886851,12.35399322,12.37489255,12.65416289,13.04640368,12.4704638,12.61806505,12.49238132,12.59065758,12.76010975,12.50172936,11.93527871,12.5052073,12.3415226,12.27983072,12.22039285,12.39000374,12.4783093,12.72412791,12.52989332,12.50575202,12.42150585,12.56809395,12.27316978,12.50981951,12.48066622,12.51539167,12.43478511,12.18121307,13.26213624,12.34417186,12.53028659,12.16205883,12.41287031,12.21548219,12.19542006,12.54668661,12.2162434,12.2151037,11.62541381,12.36847811,12.44083807,11.87427211,12.60711762,13.56917354,12.18686393,12.50320158,12.2531176,12.72427904,13.07837399,12.58605057,12.85258485,12.10135993,12.3678494,11.4231959,12.17589142,12.74458588,12.50860344,12.42621101,13.07631022,12.65937634,12.64786297,12.47234283,12.69424985,12.13996382,12.29577443,12.52460357,12.38203447,12.70283869,14.71410578,14.03604412,13.8965296,13.80253283,13.84363513,14.05081415,13.92521916,14.02834248,13.81423622,13.96115393
P09326,10.65338415,10.05242574,9.242348103,10.49577953,10.10977024,9.72674765,9.744331961,9.962892374,10.11449254,10.0550869,10.46897852,10.32453634,10.81869218,10.57799196,10.15004855,10.00675842,10.16562958,10.47923371,10.50816104,10.56529765,10.89961073,10.18298791,10.57481016,11.0764437,10.66030832,9.869254064,10.5398702,10.47232925,10.2763512,10.27051688,10.65078296,10.69907682,10.02781975,10.26619017,10.21987298,10.04972531,10.30784213,10.4013064,10.44594149,10.84813937,8.988168578,11.03678919,11.06715747,10.83253497,10.85720527,10.70105644,10.99655347,10.26702686,10.75812376,10.63138281,10.58134124,10.30506627,10.09993104,10.29707155,10.48395279,9.221809627,10.38874784,10.23531915,10.29611451,10.10403999,10.23299514,10.36153823,10.20311474,10.19002977,10.09278818,9.565677203,9.97064683,10.52249096,10.28990964,10.21232315,9.940691082,10.2411988,10.62032255,9.780358985,10.31335271,9.393805599,9.939708488,10.01987956,10.13126849,9.741137119,10.66250368,10.73990126,10.11606635,10.25194361,10.4236759,9.813350659,10.33798154,10.39369563,10.38548263,10.4231141,9.512330189,10.09664412,9.142439353,10.04422249,10.3955072,9.813836877,10.20308696,10.17175447,10.2892247,10.10794816,9.790047731,10.544977,10.65946948,10.37581197,10.78324441,9.725742326,10.64277024,10.55579854,10.42706348,10.2088399,9.700128987,10.88776285,10.48875879,10.9103508,10.50453215,10.29616947,10.40663943,10.90542958,10.66029166,10.66291316,9.734761754,10.73580401,10.36548031,10.85300629,11.01107087,10.74784755,10.86093762,10.45555358,10.80382761,10.85141588,9.980743839,10.3743874,11.28394231,10.46941979,10.28622762,9.756531255,10.3740175,9.832330803,10.3410927,10.21154377,9.793108874,10.55810642,10.39876859,10.32696594,10.36271424,9.808047401,10.07944635,10.61851728,10.57655183,11.0378616,11.55429726,10.46787341,10.20421621,10.42683951,10.34666239,11.84823547,10.05253862,11.05822933,10.45754202,10.33146851,10.42925524,10.4600968,9.512745736,10.47532965,10.36621431,10.45380457,10.38866767,10.46921187,10.44323255,10.42823353,10.57890833,10.42346108,9.797465858,10.4831484,10.70226327,10.91881604,10.31432734,10.42276054,10.39435681,10.58732073,9.675441357,9.634172445,9.060001362,9.74859468,9.52899001,9.193405223,9.818387787,9.806538414,9.722344338,9.739917493,10.03472137,10.42306732,10.90514394,10.48818756,10.22453119,10.27884916,10.29627215,10.1414788,10.25713843,10.05464428,10.71168794,10.24296762,10.59591817,10.51414948,10.10696896,11.0344295,10.51122417,10.37015243,10.32740537,10.2868905,10.72220973,10.60062621,10.22136598,10.22434894,10.99122995,10.62543851,11.01815626,10.39373822,10.59200243,10.77614384
Q86VB7,12.85184692,12.10527427,12.03767356,12.64850929,12.30454423,11.54012265,12.2251781,12.43906098,12.20971751,11.4236438,13.05895638,12.65521126,13.04698566,12.74077025,12.97203381,13.22743305,12.91425204,12.42180181,12.85932815,13.36839716,12.70692963,12.07017222,11.613814,12.06023824,12.09039205,11.94093895,12.26481411,12.17638691,11.91923944,12.00074443,14.71983628,12.97989304,13.46099765,13.22807649,13.26339137,13.72802829,13.1020051,13.27176595,13.21019748,12.62843769,13.32611257,13.1191796,12.8387482,13.12026563,13.2048137,12.41964296,12.54982349,13.02010806,13.00404934,13.11121579,11.8866361,12.18595674,12.56624752,12.42033646,12.38211598,11.83871422,12.26684398,12.12413415,12.25462547,12.79840828,11.88380897,12.69542476,13.07654021,13.00100193,12.5111412,12.68648367,12.76777146,12.54388607,12.60849104,13.35310357,13.26031091,12.23459806,13.69634996,12.24905438,12.01813473,11.80748982,12.221786,12.85935806,12.38595413,12.00397234,11.67437178,12.13243122,12.61331541,12.17555462,12.26610869,12.26666863,12.37265245,12.05080172,12.06355737,12.42845236,12.11810451,12.99325771,12.61604808,12.58096897,12.83248813,12.31746094,12.96307207,12.73171537,12.83364084,11.86292731,13.5177952,13.03593578,12.77475275,12.70388077,12.83504524,13.58337271,12.6409212,13.02682131,12.92242775,12.75574316,13.20202331,12.56755971,13.448966,12.97601725,12.75282691,12.04748873,12.83678068,12.4614385,12.61638979,12.41066966,12.67287836,12.91736344,11.94373104,13.17396211,12.99794222,14.0511085,12.90084953,12.91619097,12.92856739,13.70682407,11.8993392,12.1060484,13.44797645,12.63700424,12.25640495,12.54232363,12.27921387,12.25119304,12.24579688,12.57859783,12.45014389,12.8583692,12.36219157,12.68626842,12.8571045,11.89776522,12.69950189,12.43305446,12.69057223,12.38723264,13.82439493,12.94802952,14.00616299,12.62848651,12.84716541,12.57122405,12.29990827,12.61400828,12.71347723,12.47529492,13.94765658,12.77327293,12.40052787,12.31379867,12.20055996,13.2998119,12.34528984,12.71980656,12.43319615,12.34522568,12.08348727,13.209722,12.43970001,12.45934607,12.8132342,13.7667446,12.85683064,13.09124196,13.13449038,13.10616728,12.76472751,11.9038124,12.95065279,12.4281608,12.03910467,12.28025775,11.90722657,11.91595866,11.97134416,12.09800886,12.91166021,12.93106121,13.93587234,13.31691173,13.27052475,13.22981185,12.94295417,13.34401527,12.86123033,12.60533554,11.27824475,12.55860828,12.44505177,12.24598899,12.32774425,12.47306442,12.62642779,12.28664553,12.36337128,12.37759082,13.76158157,12.58796963,13.31443187,12.93346829,12.75874959,12.8501181,12.88033242,13.38481617,13.02803676,13.20162427
P06681,12.65915194,12.32643612,12.12986016,12.28616388,12.33286766,11.51149964,12.69071736,12.40542091,12.46764659,12.8236731,11.66099278,12.77011459,13.49195317,12.60417902,12.59125734,11.82664006,12.77145524,12.48452761,12.71909342,12.77321441,13.09672356,12.73713325,13.44528867,12.48403858,12.45007855,12.74496933,12.68941622,12.97568762,12.61567015,12.37147366,10.67497684,12.77136294,11.77430675,12.8771672,12.65882537,13.91543842,12.3272569,12.65853769,12.66163387,12.58425628,11.54936076,12.49208701,13.42342785,12.36221412,12.64508588,12.28067565,12.42628463,12.40779098,12.5844261,12.24183733,12.776998,12.35250362,12.67991997,12.44562562,12.50900407,11.89642967,12.29572856,12.49593007,12.31394882,12.74902447,12.21243413,12.45887215,14.00609672,12.56747698,12.50945022,12.99828098,12.25381815,12.16465189,12.51023731,12.67128241,12.86754972,12.37881308,13.05166333,13.02314824,12.92241438,12.3900069,12.8606763,12.70631593,12.55439813,12.45731669,13.0049594,12.57953943,13.11391667,12.69555075,12.54382239,12.34848304,12.75996827,12.50437102,12.47571307,12.10036524,11.71428275,12.69753164,12.3448568,12.39512497,12.54819212,12.73039222,12.74560144,12.38825349,12.58636568,12.66631727,13.2721915,12.55832469,12.74328222,12.95451349,12.80881012,12.88049353,12.40592507,13.05513794,12.69983007,12.22346496,11.80935494,12.1400632,11.9903011,12.13725689,11.88346779,12.76073724,12.1728113,12.27569011,12.11530231,12.03523326,12.46339942,12.78711954,12.81474879,12.63959546,12.95161027,12.49559923,12.83483364,12.99420009,12.81165678,12.71137202,12.94171505,12.52960365,13.31252732,12.02301107,12.35233543,12.20490621,11.92015845,12.29870343,12.381613,12.10520768,11.48077847,12.41090711,11.87548696,12.49103741,12.40184575,12.39648017,12.35375102,12.43543167,12.4471933,12.10028892,11.19726321,12.23829887,12.41468851,12.3934037,12.42129623,11.47377305,12.69097273,12.26757165,12.20379408,12.08184846,11.77988966,12.35143602,12.75083292,12.35430595,12.26102358,13.28253177,12.15125652,12.16690613,12.29543864,12.35681648,12.86935748,12.57219344,12.27426062,12.53474396,12.48687417,12.8798835,12.43785834,12.65740961,12.55125999,12.71324513,12.30264985,12.35448537,13.22648748,12.8769721,12.63137617,12.62765373,12.46913829,12.88475112,12.46210393,13.00721019,12.57082886,12.47224631,12.20837024,12.60659232,12.53493334,13.58300975,12.7734186,12.81948215,12.70287515,12.61228177,12.19173545,12.42130503,11.23399093,12.51876582,12.61092695,12.4462458,12.81885917,12.02128244,12.40304883,12.79638294,11.87766451,12.70194512,11.53328178,12.85533356,12.9993128,12.5946998,12.83969921,12.63297772,12.59838032,13.07605555
P22897,14.17117143,13.76290895,14.74869186,13.23665605,13.92266237,12.99341808,13.62587532,13.87687383,13.94833574,14.27860963,13.02518546,14.36706224,13.5763044,14.40288474,14.19138331,14.12055981,14.54211221,14.313371,14.39587647,14.55152401,13.32308982,13.58806764,12.93276882,13.91775889,13.76259978,13.73761335,13.68273949,13.94174384,13.74729151,13.59812538,15.08288839,14.666654,14.96045653,14.57469079,14.73426452,14.69848501,14.56845082,14.71279497,14.64781806,14.80927869,12.94813352,14.07905825,14.60526744,14.25704205,14.05443646,14.31531789,13.81321319,14.30988704,14.08230282,14.10650646,14.21808996,13.90885847,14.88902862,14.26558252,14.2016214,14.33672592,13.98737623,14.24565057,14.06898232,13.53725014,12.86616435,14.06831581,12.98406168,14.15224322,14.27911931,13.16011787,14.20338129,13.89895835,14.01198152,14.13256626,13.88359904,14.41981892,14.61710761,14.00156154,14.63979362,14.4498307,13.87735939,14.37300183,14.37624135,14.33611158,14.09934908,13.93403265,13.25811202,13.71858193,13.939995,14.20028607,13.34667869,13.61174453,13.75185386,13.25067647,15.55138573,14.11487955,13.76658919,14.23005879,14.02151257,14.71945201,14.25776834,13.99519231,14.1164584,13.58605035,14.63800181,13.95914316,14.2399711,14.35023386,14.31664799,14.14381273,14.60734223,14.12021742,14.21744852,13.93492324,13.95622459,14.05842266,13.38612989,14.52325909,13.9790796,14.94841783,14.09749717,14.11982638,13.95424357,13.89104473,13.96390003,14.32703442,14.95724213,14.76477435,14.35346774,14.29353045,14.69618231,14.69220447,14.62458088,14.79226298,12.89770015,14.01906582,13.87706654,13.64104712,13.86257867,13.2120033,14.21064671,14.05351899,13.79682814,14.6657681,15.08253296,14.55134998,15.53935737,14.40480466,15.00944868,15.25075025,14.9759866,14.81174157,14.89927653,14.72313876,14.94055391,14.53880865,15.67117981,14.38572474,14.48632887,15.53596217,14.51531198,14.61809437,14.63877794,15.40772345,14.86325329,13.9787471,13.22695261,13.97954045,14.02778235,14.86942376,13.85463621,13.63581756,13.91601339,14.06801928,14.16224912,14.53340608,15.0696658,14.12407722,14.47879121,14.44621686,14.22749006,14.60267226,14.40453291,13.99312409,13.57499802,14.56212165,14.21905303,14.30104852,14.27502247,15.138232,14.27838217,14.07586002,14.31315101,14.74944879,14.55813481,14.95052337,14.63313386,14.77502744,15.20569499,15.59818655,15.18629252,15.13187048,15.09517459,15.16488028,13.57437717,13.9848245,14.54385519,13.60983137,14.01319319,13.89989161,14.15786281,14.21878733,14.02337688,14.22111294,14.53331243,14.39426265,13.52158312,14.35122102,14.34056015,15.03944219,14.28237523,14.67149725,14.41501519,14.35997185
Q9Y286,10.29217076,10.87773285,9.520130014,10.86874176,10.99534529,10.95749244,10.65908924,11.42650593,10.91158696,11.18122116,10.84484337,11.57744213,10.59667532,11.12752017,11.43417674,10.00659734,10.90074239,11.22158564,11.31788393,11.851567,10.78199648,10.51866163,11.02526483,10.82706713,10.77908966,10.31507922,10.62653258,10.94006624,10.54413283,10.39188513,11.73758662,11.23411198,9.722335788,11.35305345,11.11584304,11.3895717,11.34845231,11.57846357,11.42105067,11.72369329,9.515055758,11.64552344,10.45301827,11.42802737,11.40605814,11.48493921,11.36672112,11.2825556,11.52115759,11.50286147,11.61697388,10.88067478,11.04356911,11.16861131,11.11504793,10.98265342,10.80665569,11.08915344,10.90742317,11.40651888,12.06068871,10.92260442,11.85072266,11.40424443,10.93759552,11.37996717,11.57746647,11.2847349,11.03067181,10.75391767,12.13060244,10.96722962,11.61061177,10.66587724,10.93943354,10.82319127,10.76655478,11.55518557,11.03004522,10.7469069,11.44276517,10.97952718,10.28976951,11.35160316,10.93550443,10.47186675,10.81430437,10.60584305,11.01900643,10.66447703,11.46789224,11.1790452,11.08589631,11.30813417,11.2947899,12.04603858,11.28657175,11.44424421,11.38361274,11.45074067,11.40637224,11.23554847,12.2586434,11.3181688,11.11512171,11.37112142,11.13708795,11.21312282,11.42124184,11.43451155,11.07354989,11.42973214,10.36813513,11.54121525,11.28873187,11.20532782,11.29086544,11.51449677,11.34663525,11.00606351,13.77484004,11.66858431,11.07741694,11.56056317,11.79659172,11.53485426,11.40675876,11.52804143,11.54353719,11.29482012,11.25980554,11.1464505,11.83757927,11.43755256,11.04094418,11.35260055,11.41962605,11.09303282,11.05972287,11.09623933,10.73108854,11.33808598,10.70965632,11.52464642,11.03743075,10.29205433,11.46631646,11.32017486,11.29700821,11.19002698,10.6839584,11.35467141,10.9080239,11.17933764,11.00236382,10.98209978,11.38178,11.56441998,11.39608378,11.95151758,11.44429734,11.00192458,10.19443361,10.50705354,11.08742071,11.1467943,10.84032481,11.45145406,10.92681135,10.91005285,12.86498808,11.55205752,13.30104628,11.66410844,11.35382423,11.91683,11.81619558,11.56075728,11.65158281,11.57311717,9.175017346,10.63717487,10.42177648,10.97593509,10.8432635,11.66162727,10.58563169,10.91684597,10.90843171,10.77345309,10.51390064,11.49767741,11.63105852,11.93291959,11.41894298,12.3254638,11.4230219,11.53465389,11.47954317,10.88507161,9.716358872,11.04713009,11.15488293,11.03117386,11.25404069,11.0579112,11.09709339,11.2932224,11.03720862,11.32808317,11.90994746,11.49589912,12.05974381,11.36791498,11.43514273,11.60671314,11.69611564,11.50761248,11.23485934,10.94544132
Q13219,14.82237228,13.84303859,13.32586055,14.09107225,13.86360524,14.44809994,14.24191117,13.84612109,14.0648485,13.84725249,13.75931417,14.30214884,14.72826537,14.11878299,14.83433945,13.75442538,14.13751765,14.23485862,14.44089675,14.15170196,15.93091468,14.94565707,15.44172462,14.96546212,15.0205794,15.91414261,15.27373846,14.84065456,15.07671474,15.15022189,14.53007426,14.97842982,17.01766015,15.27846959,15.23005578,14.69990722,15.18138058,15.2354729,15.20468859,15.46991526,12.75025521,14.22706377,15.02595811,14.46495814,14.28653785,13.61055302,14.28887772,14.71102929,14.33203911,14.46265893,15.30505669,14.2162088,13.52735637,13.94684122,14.25304152,14.04477065,14.15878765,14.34226657,14.22250741,14.36974866,13.83930836,14.56796992,14.15230049,14.61884771,14.14459965,14.33655152,14.5229301,14.49433777,14.44853751,14.43361802,14.9811494,14.71656026,14.82967179,14.19535332,14.7932821,14.10794527,14.43511054,14.47988815,14.56859332,14.36881333,13.87664871,14.56676094,14.34127439,14.38485434,14.59858368,13.44545558,14.51350868,14.5828896,14.46726387,14.44087596,14.86515473,14.69378501,14.70574813,14.79420543,14.52148056,14.01000067,15.15158335,14.52848009,14.5059189,14.3390933,15.53486023,14.84757449,14.67867879,15.27319533,14.70359567,14.77359128,14.7763395,14.67149959,14.89052931,15.04434814,14.03055466,14.516641,14.69617263,14.56076961,14.77755831,14.55333762,14.61418797,14.36474092,14.73227827,14.44303901,14.96451454,15.33782314,16.90184965,15.23411762,15.32861164,15.74047849,15.29064623,14.79517888,15.14055295,14.58554241,15.63545839,14.77065513,15.05159746,14.80964291,14.70448259,15.13676818,14.42447544,14.49318631,14.5445145,14.39824259,13.16575288,15.15626247,16.05772504,14.96281179,14.92306598,15.65504654,15.54471447,15.13894526,15.04229884,15.36008055,14.79447103,15.92297922,15.32230519,15.93035269,15.83201549,16.31114505,15.48512808,15.93325327,15.81889469,16.09427771,13.86811315,13.86332915,14.59325609,14.19372864,13.93211536,14.07764284,14.3913181,13.95575611,14.115305,14.0443687,15.22721944,14.76175424,14.16286098,14.64977706,14.47516488,14.51392865,14.46273483,13.93424542,14.70163594,14.68314201,13.83576615,13.2820204,13.02698454,13.46805782,13.13660241,13.44147393,13.62861038,13.23804832,13.23554228,13.33713957,15.85181812,15.59349384,16.1695226,15.42797838,15.36900682,15.85138286,15.5691158,15.73982476,15.62475758,15.02904004,14.55565567,14.59165285,14.43648826,14.21107335,14.79585315,13.47509798,14.29874711,14.23557854,14.50417741,14.40638201,14.41469495,14.95473493,15.22526743,15.05768508,14.79055841,14.55316361,15.1691736,15.03857537,14.59638978,14.28116162
Q16719,12.02089604,10.87088853,10.41336659,10.79564106,10.7695283,10.61527076,10.79015834,10.70408475,10.80325442,11.50523572,11.70104313,11.23447037,10.54953753,10.72729202,11.27914896,12.22684047,11.78934136,11.21198358,11.25463312,11.50660955,11.48078593,10.98020674,11.15227443,11.23669412,10.89476454,11.7643261,11.42608138,11.33886011,11.00599526,11.30939555,12.2232992,11.60839017,11.52969479,11.53757828,11.62040168,11.89083113,11.57381947,11.78599726,11.50423381,11.5178226,11.33411061,11.36949355,10.64924342,10.76162462,11.35469703,12.36485748,11.32809829,11.06234549,11.25440662,11.3977252,10.28977493,10.49338659,11.67900454,10.66638138,10.78476634,10.39069841,10.84155073,10.71101707,10.7904061,10.65108503,12.31734057,11.28110698,10.10462352,11.17801342,11.07657186,11.8203487,11.21614384,11.45980956,11.3399364,11.06272367,10.94612621,10.85026284,11.45098233,11.12861878,10.95058192,11.17407167,10.71997439,11.12510823,11.00002482,11.13945134,10.66680391,10.92815276,9.874611329,11.01569709,11.10149205,10.61624716,11.11573573,11.61278494,10.96760413,10.7923898,10.32251881,11.14329517,10.35939777,11.25898298,11.00525927,11.31164941,11.12420974,11.18665649,11.03329808,10.89635728,10.89760112,11.24764319,10.48386053,11.39743414,11.00891102,10.09609755,11.00478421,11.16776785,11.23961994,11.10843705,10.26401939,11.13015065,12.61744346,10.93404081,11.20069229,10.41675375,10.7394677,11.26383643,11.0846673,10.95895631,15.08794601,12.92337923,13.4868065,12.65250168,13.14960395,13.25439268,12.55339036,12.82730039,13.03746454,13.00405065,12.15471957,11.36571863,10.05551007,11.16589834,11.33926243,10.75698807,11.42707683,11.71959195,11.32217611,10.79589465,12.20040748,10.91710563,10.5444466,10.83831818,10.68798631,10.6363288,10.54033032,11.12929603,10.7864437,11.19953857,10.7880304,11.45832225,10.85611782,11.30334436,11.30935866,11.10314352,11.50332435,11.6570357,11.34055846,11.35301768,12.01398654,11.65268654,11.21518962,12.24067558,11.63257133,12.05070735,11.35599529,11.36121996,11.60355146,11.66001038,11.75468061,11.50360475,11.88698512,11.60888726,11.49148023,11.67785708,11.62806131,11.72963946,11.51001892,11.52998371,11.38306044,11.82522321,11.26895011,11.44334608,11.43868117,12.15648157,11.52306412,11.60642068,11.36931227,11.64274012,11.9774737,10.92179563,11.30931643,11.3245049,10.96343459,11.24085867,10.6403621,10.68056402,10.90554968,10.21980422,11.2824599,10.96090436,10.65570337,11.24370256,10.93923673,11.05711703,11.0960552,10.88240566,11.00561905,10.78018686,11.91175945,11.35323604,11.55750553,11.56124364,10.91402419,11.81177462,11.64957269,11.21486663,11.2436851,11.06621713
P14555,10.86515055,11.48912696,12.33768238,11.52807881,11.72357047,11.2660739,11.40476684,11.67868348,11.68630794,11.77262559,12.09012133,12.42491991,11.5914227,12.25119483,12.60953756,13.16225679,12.16819516,12.46588118,12.52075807,11.91310889,11.50730228,11.07013333,11.95642685,11.06350782,11.28306598,12.16373913,10.89307783,11.34759412,11.15457825,11.0697378,12.66483944,12.38433119,13.31802882,11.94282797,12.62254848,12.3726887,12.23949397,12.32856747,12.29544663,11.98884625,11.46336052,11.80977614,12.32778621,11.66632137,11.94388052,11.7299302,11.94949055,12.01611775,11.91386554,11.7753117,11.96404142,12.01762543,11.57627937,11.89210556,11.70074797,11.98165642,11.49051779,11.84764537,11.60548769,11.39420018,13.22908469,12.4355528,11.77128684,12.01067715,12.13385719,11.90005121,11.70295629,12.51937938,12.04770257,12.15030919,11.93534011,12.19759416,11.71084281,12.18951413,12.19866103,12.88322034,12.12511297,11.88305914,12.27750984,12.00903612,11.84728138,12.11456033,11.33915867,12.63047212,12.08250808,13.26080852,11.95415264,12.18150417,12.26198631,12.20995176,10.80375292,11.30760863,12.35901007,11.2984807,11.28314691,11.43530422,11.72303211,11.61659598,11.38619677,11.32045465,12.19497831,11.49236519,11.64775519,11.63657582,11.76702165,10.80419404,11.99595431,11.53253717,11.51822438,10.96022349,11.78499596,11.49738255,10.82330085,11.36746756,11.63669077,10.11466537,11.7380837,11.28198054,11.67296013,11.91631463,13.3238016,13.58481958,13.07644406,13.62973198,13.89433974,13.93963274,13.94370852,13.79068725,13.68736188,13.79216192,11.22760238,11.26987104,10.82588065,11.89737808,11.42538731,10.87191647,11.44010305,11.22329777,11.32890927,11.07161092,13.15136957,12.55392129,11.61808858,12.57161749,12.28729749,11.48370826,12.41110545,12.48583063,12.51283746,12.22423419,11.14907847,11.17992322,11.86413856,11.51836446,11.47401349,10.73229086,11.24936327,11.23149957,11.33928463,10.82203107,12.21990692,11.88604105,11.68261207,11.43433851,11.93588689,10.9181498,11.87046142,11.91629326,11.70206301,11.9596978,11.04949044,12.41279866,11.97708487,12.78993317,12.52202334,12.91951818,12.12945527,12.57576685,12.58278349,12.78534816,10.5777462,12.32866978,12.06501237,12.17044244,12.3481835,11.9849682,12.1413778,12.33079259,12.36585367,12.52689349,12.05490069,11.9982569,12.19511629,11.93581068,12.00911904,12.54404923,11.99004296,11.92496384,11.98929305,12.18805393,11.32558197,11.93656809,12.54442876,11.87521796,11.95129279,11.88175944,12.03401117,12.5899818,12.11426729,12.04686701,12.49388728,12.62897863,13.36169986,12.50229811,12.19854546,12.86224568,12.74397727,13.00450837,12.53193016,12.70220357
P09668,11.24860219,10.82146855,11.16496656,10.59261417,11.27334832,10.79457141,10.62059227,10.6718087,10.72484674,11.53902816,11.32988435,11.3357716,10.88538771,11.20834469,11.39327433,11.56807181,11.5815396,11.32900695,11.47674661,11.45179298,11.54523801,11.42486004,11.07309331,11.09637599,11.29130115,10.7917404,11.35869321,11.56510182,11.22011893,10.90221191,11.9355861,11.70054409,11.61581612,11.57960146,11.5852164,12.74893146,11.69107709,11.74252998,11.68314271,12.12318321,11.14411977,11.15312816,10.00652341,11.05373546,11.1539056,11.58580305,11.34323791,11.1795116,11.04322194,11.4377219,11.86120904,11.16168378,10.51935398,11.22033735,11.0913478,10.93010589,10.7558841,10.94687944,11.02703077,11.0726612,11.47545409,11.50596939,11.91905269,11.12724664,11.15493176,10.18133208,11.04057296,10.64614556,11.18749805,11.24617751,9.331651605,11.11924887,10.12520208,10.79247801,11.35378781,11.20645583,11.24834343,11.12301539,11.1533184,11.01508931,10.74680197,11.03676443,10.13805146,10.70693775,10.6254127,10.43360764,10.80056963,10.04308924,10.90564804,10.7726926,9.679957971,11.10791266,11.24116432,11.09007517,10.86662771,10.73647004,11.31698454,10.52599689,10.88640693,11.28965888,12.16170383,11.50823095,11.44682231,10.80665522,11.24679943,10.95283977,11.08640147,11.45758261,11.40460274,11.33050884,9.451215567,10.76941247,11.28003225,11.64455889,10.88681441,11.38174439,10.98583554,10.8250125,10.89242757,10.2619433,13.02580376,11.85065617,11.43737787,12.04051087,11.96309869,11.72274591,11.91927245,12.0129476,12.00299916,11.47534498,11.06705553,11.19371867,11.32835927,11.19907734,11.25299517,11.34278236,10.91916752,11.55754218,11.24441168,10.9626312,11.07170786,10.56818171,12.07477612,11.11231236,10.53505974,10.87955654,10.82696047,10.32836197,10.62975409,10.79314299,10.61107913,10.7217689,10.64175434,10.79250293,10.91511919,11.54310824,11.06336468,10.84254021,10.98437994,11.13970824,10.1106383,10.73104391,10.45518739,10.93155708,10.99243763,12.09333302,11.19276811,10.4894613,11.10879163,11.15286156,11.04634514,11.38498098,10.67837583,10.90132934,11.22328902,12.25739278,11.10490585,11.07039972,11.29085016,11.4894606,11.41835774,11.42728315,11.90928822,10.97585107,11.48783553,11.56883721,11.5000976,11.57940986,11.38226393,11.29834962,10.43918038,11.37414551,11.49447985,10.89077775,11.48791078,10.71909429,11.7996408,11.75971524,11.23996088,11.34214504,10.97212948,11.19033658,12.01770185,11.00104344,11.17883233,10.55387149,10.88747107,10.93765381,11.08106786,11.37035294,10.23475632,11.04158215,11.92890112,11.21948973,11.19937847,10.96980692,11.32816776,11.49769583,11.36800007,11.83774667
Q11128,14.33583692,13.01089756,13.45334227,12.96656598,13.08667498,12.94266831,13.0823923,13.26664948,13.26677429,12.79313842,14.65073843,13.6219928,14.3468476,13.51350233,13.57670333,14.25584262,13.52135449,13.49615554,13.54796638,13.06089223,13.69301723,12.64961393,13.07240713,12.53708446,12.60745512,12.05313636,12.44169729,12.53503901,12.69344539,12.35539512,15.26316817,14.68529142,14.34239153,14.47789698,14.67756617,15.54605219,14.5480394,14.74430479,14.6653482,14.84893611,13.28294178,13.16861185,12.097437,12.85794782,13.45132695,14.75839366,13.09489409,13.39045,13.25884381,13.38319927,13.12563333,13.1804447,13.78562317,13.39573782,13.20732522,12.90596736,13.3296418,12.81699098,13.13449809,12.86839497,14.14800102,13.4513837,13.20157804,13.44744353,13.72147471,13.04100508,13.57305434,13.74622813,13.62329089,13.35904117,12.83309404,13.7297493,14.41549328,13.60101349,13.33195879,12.94340067,13.95166952,13.99111357,13.48197493,13.46979296,12.69601802,13.39640022,13.69070134,13.55352742,13.25593149,13.44376981,13.54947977,13.3431501,13.33234991,13.07459019,14.30288426,12.75711254,12.78612747,12.8988725,12.87091528,13.92997843,12.9803821,12.96835611,12.87047335,13.33566153,14.06118356,14.04640991,13.78098839,14.00202809,13.87293425,14.62173317,14.29306191,14.11271646,14.0554493,13.98433146,14.5706936,13.17238743,13.62038014,13.04894239,13.34402137,12.92043704,12.93699757,13.13954958,13.22724099,13.85403112,12.86246078,14.14874064,12.2372753,13.89247211,13.70970846,13.92447596,13.76863831,13.93278464,14.12916945,14.1417114,12.65101515,12.67738518,13.33294375,12.79724555,12.99806597,12.98598684,13.3510615,12.62480906,13.10464892,13.2913651,13.62509795,12.65972446,12.82170216,12.83196319,12.697875,13.11731134,12.71375227,13.0255599,12.71599296,12.5768507,14.49316899,13.67356497,14.21038828,13.43903971,14.01557599,14.10983666,13.46642896,13.71893492,13.86326357,14.17541644,12.71750621,12.98532423,13.9066582,12.53189115,12.99757573,13.09482969,13.41186834,13.48417016,13.08138019,13.30556419,12.52833577,13.66966357,13.24647353,13.33967992,13.91592758,14.1086697,13.60988518,13.72334889,13.7732679,13.19037374,12.63482766,14.38201002,14.55353918,14.14246202,14.25540416,13.37053799,14.30227283,14.22864303,14.23377791,14.79568353,15.25587063,14.17987499,13.82566613,14.12347451,14.19612051,13.80913448,14.33278602,13.88898834,14.29837859,14.00992846,13.41531636,13.61950327,13.55353082,13.52619327,13.64220163,13.16980674,13.46200286,13.84703994,13.6107884,12.8699042,13.32422532,13.86891779,13.83817506,14.01220881,13.82604374,13.64082936,13.83146398,13.6938282,13.92806444,14.20987681
Q9Y275,12.01193433,11.18198665,11.04765552,11.66430962,11.26548695,10.25553346,11.14026446,11.43579351,11.10745393,11.52218048,11.17263202,11.59242803,10.88399954,11.52850779,11.39467901,11.55701321,11.45943517,11.00172395,11.38989831,11.36005952,11.25839642,10.91789226,11.23364915,10.90437374,10.69486261,10.62807852,11.00461853,10.82327499,10.97450924,10.75791526,11.99313623,11.65795312,11.7599969,12.40274541,11.73120523,12.03860281,11.49623702,11.90318314,11.92757517,12.26873171,11.1710557,11.43970969,10.24608475,11.46973604,11.6561225,11.53273024,11.40711568,11.67599818,11.57415369,11.96138825,11.72596267,10.95138125,11.40484977,11.02808358,11.13119888,11.21355536,11.3563936,10.738501,11.02441988,10.79602906,12.0431919,10.94933654,9.447410463,10.65225142,10.69272557,11.20816846,10.84325927,11.06716018,10.96767741,11.25852244,11.90050949,11.29441668,11.15907289,11.37124019,11.49866473,11.8970034,11.35999558,10.85489753,11.36883772,11.93117162,11.19166226,11.17675654,11.05357579,11.09674679,11.29073194,10.6711632,11.39439021,11.02033146,11.3121391,11.36399436,12.31299757,11.09628444,11.15968587,11.04465678,10.95869087,10.87346054,11.07394095,10.92489171,11.11818772,10.84065094,13.11036765,11.12039544,9.850974167,11.40226839,11.33280308,10.33015016,11.74193889,11.56258455,11.38377378,11.69556624,12.29213553,11.20054451,11.53802504,11.21234775,11.23427756,11.80071297,11.35835299,11.07787647,10.98508362,11.42522843,12.43868077,12.02464041,10.67698311,12.05829782,11.89801967,11.67226973,12.08640673,12.07151078,12.01788672,12.00104444,9.943505507,11.33133673,10.71753085,10.98194348,11.32693807,11.38444629,11.16768116,11.21864391,11.41134074,11.27486143,11.77878122,11.51798356,12.11954829,11.66877508,11.55876042,12.96960878,11.64920613,11.11291329,11.60334233,11.28920752,11.34870446,11.64251325,12.14512359,11.67513331,11.36884381,11.91700573,11.50866711,11.67456433,11.52250135,11.40251951,11.16127441,11.41541333,9.947954635,11.46288177,10.81499547,11.08679619,11.31590594,11.41143387,11.36995812,11.08580757,11.53664401,11.83968151,10.45257634,12.07932602,11.77600871,11.56216763,11.97643317,11.92670608,11.69175932,11.61473924,10.26839026,11.09931858,11.77647151,11.20100756,11.27534364,10.64186519,11.28570572,11.48450881,11.31620917,11.64720614,10.03440424,11.2950803,11.4518876,11.0493961,11.1251063,11.25432448,11.11137197,10.8841731,11.12456572,11.4999174,11.48983014,11.22425804,10.68013829,11.40972658,11.08416093,10.42009747,10.95589098,10.95746949,11.17874652,10.52524288,11.39300409,11.38675879,12.2193861,11.56351168,11.52039299,12.03389597,11.67315479,11.6082817,11.46245699,11.3282039
Q08708,12.55610387,12.80232293,12.39136181,12.62203083,12.76074422,11.95769437,12.72738821,12.93017009,12.72268265,12.98842516,13.65730973,13.16192218,12.43139792,13.31123208,13.27560483,12.82911307,13.44512202,12.67327782,13.21682531,13.55770258,12.82200893,12.38629346,12.61947271,12.17247389,12.54149387,11.87287347,12.19670014,12.5693077,12.26864566,12.4531124,12.28572159,12.98381247,11.76264379,12.9109162,12.90048726,11.68290529,13.08482418,12.87505701,13.1953542,13.50477338,13.28020756,13.06693592,12.87674466,12.84420255,13.12245794,13.726768,13.34033471,13.40528616,13.24370885,13.65863104,13.68233163,12.76082101,12.74398195,12.21448613,12.83991865,12.26092425,12.70015668,12.77784462,12.66295642,12.61592863,12.09527754,12.81040114,12.8690152,13.21318623,12.59802773,11.5154555,13.45834036,12.9216136,12.72788063,12.81588223,12.73193365,12.44616215,13.78447811,12.29818352,12.70879183,13.24934602,12.29015408,12.51444146,12.46172083,12.47253568,12.50026435,12.8409206,13.62868648,12.97405492,13.01407105,12.56431019,12.77983391,12.88690099,12.77465866,12.93827587,12.30318317,12.64793324,12.22416041,12.85669141,12.52526583,13.04319671,12.70403188,12.96125171,12.7979559,12.78911174,12.91709979,13.41144381,11.93243456,12.62137357,13.31017942,13.72403287,13.0418727,13.14916812,13.32150462,13.07746527,12.80579651,12.89477847,12.32491673,12.65426895,12.65414379,12.25714093,13.36251013,12.86530037,12.96036828,12.7067175,13.98327325,13.68857538,13.74416586,13.17953983,14.21277366,13.20176754,13.19471899,13.75267415,13.67357506,13.35479963,12.3003946,12.97398513,12.63764484,12.56541054,12.8482391,13.21737369,12.8333242,12.754246,12.86294438,13.53355252,12.14250029,13.10255557,13.38329968,12.96091751,13.12067104,13.1235202,13.46443832,12.79149216,13.05624397,13.06001232,13.72879017,13.65632223,13.61720223,13.20591507,13.57425914,14.46105714,13.79833563,13.1778767,13.38512694,13.30966878,12.84564765,13.06851256,12.90921918,13.38161571,12.94818151,12.68131373,12.95783423,13.31395846,12.81672613,13.05659052,14.71260147,12.87599606,13.51828153,13.4346843,13.09873538,12.88750343,13.0989698,12.52437628,12.92605056,12.70901628,13.48207069,12.60910553,12.29463121,12.48151152,12.68640556,12.04792099,12.33043513,12.75096613,12.39467006,12.52881457,13.20456229,12.88484184,13.34226581,13.16407361,13.1815594,11.56845333,13.02782349,12.90082683,13.09531859,13.03274387,12.075966,12.76197705,12.04856966,13.20357652,13.06707131,12.23697577,12.73880747,13.34537863,12.90543615,12.47756478,13.98366758,13.23269518,13.70039448,13.23901714,13.08888217,13.09129424,13.42308516,13.17874835,13.26795416,13.33636271
Q08ET2,15.59452043,14.49939899,13.87884665,14.50508662,14.51893221,13.83074554,14.59087115,14.12649721,14.37619209,14.65310219,14.35296623,15.25283466,13.85443976,14.99287076,14.98822466,15.51690626,14.89666072,15.2534984,15.07209085,14.97598271,14.18466269,14.96536364,15.48949196,14.98432085,14.96316922,14.66231132,14.86083824,14.58187878,14.88641583,15.18720178,15.98865546,15.54307492,15.81859887,15.68083517,15.25548183,14.96399444,15.73065117,15.30743206,15.16499184,15.38241778,14.0019604,15.45219744,15.71168156,15.57187127,15.46368423,13.97906314,15.6223952,15.55773071,15.60717009,14.93704871,14.34841202,14.66500087,14.60739345,14.40203603,14.81131049,15.31545315,14.08215716,14.21926313,14.63816965,14.56099244,14.60252789,14.576941,14.46262687,14.09128592,14.47541698,15.25274662,15.05834019,14.97033486,14.64567321,14.30061467,13.97963521,15.04878204,13.89663372,14.70825995,14.89450708,14.48102995,14.80543731,14.81232874,15.03514158,15.0651494,15.59009849,15.29870073,15.17512711,15.34515922,15.73123596,15.08715405,15.93860116,15.43321118,15.45669983,14.81236629,14.70999543,14.51587793,14.70837171,14.4547098,14.33708969,13.21711042,14.15130967,14.03192381,14.38488669,14.07454858,14.69066615,15.27512733,15.53478088,15.69074122,15.60676939,15.64021394,15.63663516,15.44344822,15.6666775,15.87030433,15.81312112,14.77847558,14.96097544,14.67414289,14.74865055,13.75567137,14.80632355,14.36544721,14.86210348,15.12014767,15.32174262,16.17667087,15.73310728,15.98147003,15.93504197,15.84555941,16.32210476,15.79027832,16.38965388,16.54038079,11.40307692,11.7570839,12.12212809,11.84846317,11.82066467,11.28215817,11.20846277,11.94970049,11.69110224,11.13065598,15.25244966,14.92753288,15.56908091,14.80193725,14.60227817,14.75731902,15.13711166,15.00332925,14.96059911,14.81090316,15.82929576,15.63634018,15.35174905,15.4034412,15.26714187,15.93090521,15.58350839,15.32569579,15.50339257,14.9781018,15.48459453,14.3863376,12.76691228,13.77858008,14.10315681,14.67491154,14.33522491,13.95411892,14.01197958,14.25752884,14.88511366,15.08216275,14.64412652,15.414204,15.63979989,14.96767551,15.2075909,15.52172156,15.1635774,15.79360521,14.58101862,14.39588873,14.29003932,14.75931008,14.74835352,13.36454314,14.50053067,15.04169153,14.62410159,14.38568597,14.70340023,15.44967509,15.91744675,15.55628923,15.27248033,14.21139164,15.5451359,15.75345813,15.56775388,15.7047578,14.38511338,14.4491253,13.57261132,14.89631923,14.54404617,15.20368668,14.30819933,14.50136403,14.59908286,14.19556571,15.32981959,15.52172703,15.21163138,15.74233332,15.47623432,16.94994554,15.53193864,15.2516541,15.61997249,15.81621969
P02743,15.50234491,15.6514131,16.48974838,15.59982563,15.78953746,15.73132817,15.76905872,15.96079469,15.65650104,15.90515297,14.38048137,16.0749054,16.74088674,16.11364983,15.72339766,15.74935916,15.78130095,15.86370705,16.12053687,15.95436035,15.82705981,15.68021809,15.38375027,15.46075738,15.52120311,15.86755661,15.87204362,15.39513721,15.448267,15.03263756,15.72646363,15.6118617,16.03058925,15.31007802,15.87430261,16.86721965,15.47416465,15.58906246,15.68438921,15.73989669,16.49796926,15.4653682,15.9883385,15.3220685,15.4510864,14.72116635,15.76217137,15.61683655,15.45214151,15.6385959,16.96944329,15.66105572,14.35129156,15.91066433,15.6790966,15.65191072,15.60054669,15.50983286,15.61133577,15.11597532,15.35005792,15.77196444,15.60836805,15.70962405,15.69084477,16.6593699,15.76598334,15.7967118,15.68956359,15.72411976,16.43414173,15.6420967,15.86633538,16.05384803,15.9133684,15.168262,15.92218544,15.99922473,15.72714949,16.19826307,16.14666874,15.58853609,14.34774578,15.21458039,15.86855936,16.35866413,15.45404251,15.56466067,15.53856213,16.31471544,16.45680969,15.56166219,14.95833917,15.47901657,15.40723254,15.86273874,15.37877894,15.34690122,15.65855123,16.10565061,16.79027324,15.99897958,16.68538174,16.18968521,16.08332588,16.19204868,16.09805671,16.22182089,15.99594455,15.86910676,16.35071396,15.46365507,15.98856291,15.81914083,15.24919485,15.10364379,15.22201064,15.28628921,15.31909235,15.22157573,16.5249007,15.51332166,15.21478317,15.32249714,15.70865713,15.65889452,15.33713106,15.57214764,15.74809912,15.52096369,15.15044269,15.61528915,16.62680636,15.92702459,15.68013831,15.69797879,15.40104203,15.98249803,15.73646013,15.5759036,16.15349821,15.56786823,14.95725751,15.84474679,15.6394257,15.70432288,15.65518824,15.33390066,15.61274476,15.66786214,15.4402901,15.46751923,13.76676273,15.37612204,15.62409112,14.77015625,14.99692684,15.51288756,15.62865105,15.37351832,15.4300707,15.4122699,16.08397445,14.97954021,15.29270071,14.4728437,15.67552548,15.5089652,15.61735663,15.7426324,16.02674717,15.66454714,15.45302951,15.4545871,15.663182,15.41648596,15.46712923,15.41930174,15.59139869,15.10974345,15.65806201,16.38107296,15.70370779,16.27719331,15.8879655,17.84691082,15.87729078,16.18289296,16.08090642,16.40378941,15.53747149,15.48649896,16.04723961,15.80179248,15.51239813,15.4468656,15.61552862,15.6539219,15.50385902,15.21503677,16.23676377,15.6160709,16.00529665,16.02336893,15.82889921,16.17483435,15.41996806,15.5445864,15.69934523,15.51197311,14.72309841,16.2606332,15.7879456,16.31667547,16.24386233,15.46838796,16.1416167,16.22372259,16.13672922,16.35933775
Q9BZZ2,7.355611353,8.419870294,7.774302338,8.181703696,8.227830656,9.586233023,8.140547963,8.005274701,8.044258173,8.653725157,7.62116527,8.389990968,9.709339069,8.64093933,8.216126744,8.681651476,8.326033167,8.38077165,8.405646407,8.027720941,8.359942301,8.184490525,8.596226344,8.623337939,8.108843777,7.806635571,7.815087609,8.00262587,8.10597745,8.2531227,8.306914933,8.399512619,8.071547435,8.572714679,8.61856044,8.137254139,8.222825235,8.472798514,8.354580618,8.008773125,8.587661403,8.3465343,8.733963981,8.568956825,8.827462169,8.676831761,9.134586475,8.820940674,8.753687296,9.248690328,8.791991887,7.844153871,7.883889732,8.200537765,7.991991428,7.766320206,7.848356686,8.200111204,7.92506986,7.973358047,8.062581355,8.223090373,8.976812087,8.352764702,8.346604116,7.804696794,8.069714104,8.445508789,8.27586668,8.83003184,8.191557493,8.428871204,8.321093458,8.697492485,8.30848328,9.001375268,8.711964514,8.811239879,8.612901353,8.907281306,7.707574521,8.458582015,8.342458072,8.391835886,8.510177491,8.480687328,8.264536269,8.667089788,8.46927757,8.100392326,8.941835917,8.785445924,8.334731147,8.454546404,8.74708976,8.706501938,8.129117991,8.36735462,8.699350641,8.147812834,8.55809095,8.410950291,7.855243244,8.512140208,8.521198223,9.105492616,8.430255585,8.696585188,8.475555851,8.386279183,9.434129042,7.929839077,7.906069804,8.345468213,8.131075607,9.930436379,8.213005823,8.591512285,8.196685372,8.192438202,7.191459259,8.196187253,7.657855323,8.475691764,8.218250581,9.392775884,8.378854982,8.00713797,8.311327996,7.964101181,7.56195866,8.369635123,8.947972159,8.26353617,8.480598838,7.810705792,8.29142439,8.502925649,8.323721238,8.653619393,8.073765848,7.997454003,8.210200372,8.307311836,8.29155557,8.802883841,7.843412009,8.075971188,7.956753716,7.456365255,8.57620864,7.976419565,8.957510391,8.285437444,8.213759137,8.45662365,8.163397097,8.489017835,8.10462425,8.076201302,8.840591988,8.312716732,7.964327133,8.651249045,8.731397958,8.689430329,8.464808018,8.516515153,8.508060769,8.317531772,7.87517805,8.540744278,8.473480145,8.777256855,8.576570212,8.384939864,8.393727494,8.493545159,8.628934157,9.148651646,10.17599469,8.45186333,7.987357867,8.339138476,8.390332044,9.48550965,8.419018689,8.968919785,8.479613006,8.794949677,7.231106461,8.498162847,8.515039795,8.364772126,8.463703699,8.191538906,8.034805215,8.319770115,8.4997254,8.398631217,8.501924838,8.239237996,6.871901115,8.141376533,8.31972508,7.988389631,7.943769308,8.145487792,8.023275725,8.639613095,8.161722253,8.583277756,8.938686739,8.407607188,8.717989232,9.105597368,8.660728249,8.629164527,8.711364518,8.965733763
O14625,12.97202561,12.82364089,14.30670271,12.86589543,12.72679445,13.06594528,13.04916781,12.92309905,12.75009436,12.55890437,14.41907742,14.40924444,15.49362113,14.36167541,13.88637365,14.64855068,14.06115488,14.41408437,14.37636777,14.71973675,11.9222624,13.62521687,13.6917042,13.47214309,13.21850761,13.66347869,13.45262768,13.71659647,13.27984194,13.08990228,12.79188926,13.60954055,14.09701868,13.2646433,13.52820339,13.44753344,14.03661882,14.07819944,13.75963419,13.55394357,12.5111944,13.25263619,13.71054743,13.07079236,12.87211537,13.11406821,13.09857051,13.34369257,13.06967956,13.06724276,9.691923349,12.97596866,13.58134569,13.00571117,13.02866424,13.29532706,12.99109161,12.70939367,12.95424673,13.25696792,12.39127775,13.02463799,13.64199564,12.7965691,12.90638382,13.36891494,12.91493239,12.87610449,12.86974777,12.87503303,13.25773459,13.31798114,13.72733527,13.18920086,13.47010504,13.01495081,13.18341437,13.36340393,13.22286612,13.36480498,14.4971981,13.75487414,14.10986207,13.79267348,13.68287173,13.91812708,13.58686251,14.08724621,13.61898539,13.75123278,13.53097933,13.61158668,14.09880881,13.76331594,13.46631244,13.41055911,13.34074891,13.73184668,13.57748295,13.53763776,13.45027364,12.97299961,12.92716245,12.68663882,13.06203549,12.2817081,12.65778247,13.06412126,12.86141661,13.04395829,13.70268327,13.3257612,12.89806198,12.97191741,12.92802563,13.08340312,12.98981329,13.48604909,13.21119178,12.95572951,13.24762727,13.3585123,13.24857985,13.32570666,13.55572103,13.52096282,13.34555046,13.12424137,13.40017222,13.38511385,11.05454768,12.459422,12.32631823,12.60558797,12.42876586,11.73803973,12.87994377,12.29346928,12.56065811,13.10303519,12.41637305,13.07980279,14.4983575,12.59213437,12.84417457,13.41751113,12.71119184,12.7991603,13.06080066,13.05654402,14.50964524,13.58860867,14.49054735,13.59439904,13.84726742,13.68961639,13.43560619,13.24688165,13.66345598,13.49063597,13.0055892,12.77815914,12.07231002,12.2641843,12.59891191,11.96406893,12.98624563,12.87084301,12.60480219,12.60110904,14.49432068,14.12492666,14.58145552,14.41092869,14.30766984,14.83203472,14.2949266,14.13217475,14.48316748,14.55856419,12.99369654,12.05608167,12.08456536,11.96295562,12.14206689,12.07534843,12.35077866,12.62781226,12.13799389,12.13361971,12.53153364,12.7190134,13.39263288,12.57755812,12.94997082,12.38524495,12.70040721,12.83521608,13.03562869,12.19607605,13.923448,13.16280884,13.82185342,13.05093286,13.07371047,12.93780335,13.22701467,12.93072398,12.98710477,13.75595699,13.95673847,14.2880496,15.10045295,14.59223957,14.41710745,14.02240838,14.39050173,14.61344028,14.49062758,14.36645042
P00740,12.61440481,12.77893917,12.9958494,12.61185211,12.73836543,13.3066635,12.76500602,12.70990578,12.6401185,13.03485894,12.56301846,13.13031585,13.37277541,13.21448643,12.84640088,13.31482821,13.12289956,12.94311825,12.96617713,13.17932274,10.96050614,11.21506187,11.58338523,11.90151591,11.52566887,10.89584344,11.51267872,11.47519025,11.40372153,11.50107438,13.40632898,13.74790777,14.88394313,13.32633232,13.74717199,14.07847439,13.65653537,13.9447477,13.65193519,13.92930773,12.83628185,12.86492459,12.82167873,13.4748504,12.76733703,11.9743624,13.08227095,13.1925026,12.89174575,12.86882299,12.50321533,12.55081784,12.06567847,12.17580585,12.71347203,12.46302379,12.57019004,12.28968338,12.52130292,12.84674362,13.39300651,13.21592832,13.53195807,13.3468467,13.20386053,13.07307363,12.84463772,13.31145356,13.05623507,13.40331567,13.22921373,13.17541196,12.64896006,13.18168575,12.98633673,12.54647075,12.76123488,13.3398294,13.10345705,12.90041426,13.3237844,13.33331301,12.35271685,13.79938835,13.2460642,13.34395107,13.1306543,13.39210929,13.30855867,13.19739727,12.8024315,12.30157764,13.34077701,12.6221759,12.67298464,11.83333419,12.71520931,12.43258186,12.64565382,12.06519064,13.96413772,13.50604849,12.98154256,13.43712303,13.26861112,13.8195809,13.18145826,13.26275432,13.41202985,13.28355964,13.12189079,13.13711296,12.95088882,13.27218603,12.90361815,13.05959635,13.01100612,13.21024088,12.96694991,13.0311581,13.52321255,13.28534693,12.83749449,13.6637789,13.47462761,14.17505089,13.23188247,13.56524407,13.38164045,13.29986431,13.46147252,13.28043478,13.53413276,13.54568998,13.38630334,14.94419184,13.57091363,13.59372852,13.45309509,13.07984411,15.02056524,13.3933929,13.84530295,13.33781069,13.65534563,13.52425401,13.77321774,12.99378918,13.41323864,13.76683588,11.54026292,12.54764582,13.15036989,12.66567098,12.36373872,12.11790826,12.27217117,12.45219924,12.65431388,12.01268237,13.6344346,12.65282352,12.30419749,12.64360164,12.67222213,12.9901735,12.65277568,13.03430935,12.5812992,12.96825649,12.65198733,12.96342045,13.15311928,12.62880654,13.05955028,12.94348257,13.23370386,13.22518224,13.11345055,12.86966651,14.13037732,12.84925424,12.97553713,12.88318996,13.13292626,12.94840037,13.07821765,12.85541964,12.77511661,12.94344433,11.86198104,12.51844075,12.19119212,12.68753251,12.36967156,12.18190447,12.48591093,12.80612001,12.75896843,12.35870157,11.64359879,12.78174469,12.78608833,12.58334906,12.52918388,12.9063554,12.86591093,12.86622148,12.88464828,13.22402506,12.35979452,13.3558184,13.44658666,13.67918557,13.40411382,13.56024947,13.52049772,13.55849761,13.43726901,13.17198835
Q9BXR6,12.22265619,11.32326703,11.70618633,11.16257222,11.22143332,11.17451071,11.26482201,11.48507226,11.39629844,11.02007139,13.21883821,11.57975484,12.21906181,12.2783025,11.97088839,11.796322,11.77430983,11.72539281,11.65451561,11.68494107,11.34537527,11.6608948,11.21570155,11.55927068,11.53501734,11.31075248,11.99733499,11.69699145,11.57031436,11.20480019,9.943420822,11.6869538,11.7244248,12.16048074,11.64532811,12.01365749,11.43369507,11.68316175,11.52238213,11.33065577,10.69854161,11.59851159,11.18826061,11.46206837,11.6061954,11.42213711,11.39893925,11.05778553,11.38920898,11.66339072,11.3277554,11.78952148,11.24758326,11.92181793,11.43613604,11.62682007,11.72931079,11.85467867,11.65910103,11.84409915,12.53514486,11.50425704,11.8143579,11.27321496,11.15494735,11.34667548,11.61630008,11.53868602,11.57909989,11.85480662,11.81837836,11.66691207,11.60101887,11.79866082,11.43951927,11.59374467,11.40414897,11.34179272,11.40856749,11.76107891,11.66246064,11.4596001,11.85912264,11.6740576,11.59005595,11.43764895,11.73573835,11.82153141,11.44289955,11.14055119,12.50340517,11.41612218,11.83570644,11.47886398,11.31614858,10.87834782,11.44522319,11.42446249,11.51494871,10.78779041,12.83357815,11.76068943,11.18512062,11.51750463,11.33484415,12.06732916,11.85288749,11.69127266,11.68244928,11.49554456,12.11456058,11.14405214,10.46638737,11.09925222,11.35996311,12.14520838,11.47991834,11.37525357,11.34880442,10.80010691,12.67142955,11.90956526,11.70556985,12.19603522,11.58003493,12.09967157,11.42088947,11.79011197,11.81867926,11.43928954,10.77173864,10.9262674,10.1989506,11.0305552,10.92712533,10.85322545,10.6443783,10.63061689,11.18850718,10.8652915,11.48335346,11.73615072,11.00073439,12.16541119,12.26618938,11.40469782,11.52166825,11.79925997,11.88339327,11.48824551,9.937932211,11.38675636,10.11135477,11.642331,11.21675324,11.67915544,11.49859132,11.33827546,11.48100689,11.34854583,11.07408094,11.4862904,11.32718669,11.57008143,11.36970384,11.73862604,11.76001523,11.52300961,11.43622928,11.86579714,12.39564369,11.4202416,11.6070656,11.39441351,11.84255313,11.80413491,11.56675706,11.34725344,11.29814013,10.96502792,11.58901272,11.19167385,11.45293144,11.61122961,11.55324089,10.78341402,11.60646455,11.29287495,11.47128185,11.52410315,12.30049199,11.17788704,12.21579659,11.41207845,11.03080652,11.70945762,10.90328934,11.14781212,11.40159836,11.15300861,12.47335698,11.45739594,10.96784188,11.69128937,11.70964112,11.79561878,11.24415122,11.81643987,11.45977458,11.54353544,10.8852271,11.92038328,11.11281361,11.51231055,12.0086876,10.76937361,11.913229,11.86571518,11.83692503,12.09094787
Q8N423,12.80079447,13.76116582,14.86712424,13.52306432,14.0873276,13.19564984,14.36443463,13.54997523,13.81734413,13.35095571,12.69327086,13.91293421,13.03887024,13.96823384,13.83680093,13.47707246,13.6802739,13.37276582,13.77399135,13.97656921,14.35654336,13.29196525,13.18955041,13.62298111,13.26986177,12.9754442,13.51036869,13.78516609,13.19059869,12.82574604,14.08611975,14.45202914,14.02232387,13.99197032,14.1395755,13.61522832,14.46839347,13.94712762,14.06277104,13.79259723,14.19130473,13.83945358,13.48501129,14.12722023,14.00558818,13.2668313,14.29569587,13.51076532,13.79983487,13.97644974,14.30060249,13.89918507,13.86572047,13.83304264,13.7230652,14.90527905,14.25608169,13.62269477,13.83352809,13.11325986,13.91636079,14.1444942,14.00383629,14.11745853,14.33477236,14.16864171,14.0025172,14.33361849,14.1638534,14.00419782,13.26626608,13.71734438,12.51680997,13.38104789,13.54186764,12.50665726,13.73576824,13.68337499,13.3672018,13.40900784,13.30269578,13.94694289,14.33019735,14.17389533,13.79575943,14.01409786,13.91973897,14.05527275,13.90059985,13.11145041,15.05519389,13.80531858,14.3299985,14.1714784,13.87827671,13.50636521,13.90784816,14.35872041,13.90850319,13.62618301,15.82005247,14.51726106,15.37358797,14.54494733,14.37190823,13.99985947,14.41005538,14.17564883,14.26324397,14.69557382,13.76046064,13.65128022,13.63093956,13.62372143,14.11120792,13.43509806,13.67446907,13.36184641,13.82654308,13.68020689,15.26309455,14.52015796,13.5415631,14.64669401,14.12390148,14.92576952,14.38204272,14.10874775,14.40341746,14.1686157,14.01060165,13.65237338,12.69391341,13.62261451,13.55674688,13.56996369,13.35054703,13.61904567,13.33434243,13.31464929,14.05279624,13.88465049,14.23554722,13.4164619,13.99548639,13.28911216,13.81471026,14.19444678,13.8913441,13.94897281,15.40757747,14.67379903,14.45770905,14.484312,14.32387301,15.54236493,14.75546388,14.98071888,14.56669612,15.00955393,15.55117772,13.59714415,14.50798718,13.83213624,13.76830622,14.49186448,13.79450798,13.83009473,13.89941878,13.77136685,13.67813427,14.20342568,13.74684587,14.39910647,14.06772179,13.85878488,14.30712398,14.35208202,13.99916577,14.21839543,13.54717618,13.99697718,14.57685859,13.89858819,14.05539028,14.46879562,14.01868627,13.24230104,14.02063856,13.94897194,15.36816661,14.13339244,14.59838535,14.05910667,14.19372398,14.16233875,13.97068762,14.179588,14.21004897,13.85568791,14.64464021,13.78920507,13.9828041,13.92772511,13.44091889,14.07757389,13.6883322,14.16845965,13.8193156,13.97934259,12.94675228,13.99408884,15.02995623,14.35239333,14.08893056,14.93544066,13.85863415,14.10086689,14.11903449,13.66862763
Q07820,10.91598548,10.87726789,10.70954718,10.91246056,10.48333968,11.24215771,10.49218606,10.92336356,10.69443894,10.97159682,11.03279409,10.95885642,9.981864382,10.50265837,10.85129961,10.13851284,10.79675235,10.9401231,10.65523177,10.26597311,10.98874652,10.63811551,11.09981177,10.75305852,10.74504685,9.941722246,10.56127605,10.45487838,10.46439664,10.93645057,10.15652971,10.75519571,10.39615643,10.70596804,10.75474274,11.31925491,10.83927988,11.04548033,10.79370614,10.13857198,11.16226202,10.82458097,10.88796558,10.30581595,10.74116125,11.05349886,10.9366537,10.66128708,10.88408915,11.01158535,10.72307427,10.51339032,10.88771271,10.19492897,10.53984197,10.41228116,11.13349592,10.81379125,10.61438212,10.99958881,10.50822022,10.89665101,11.58991201,10.92325781,10.96839283,11.37320304,10.44676583,10.75733223,11.08367783,10.92979352,13.06627578,10.85089958,11.84077751,10.77426343,10.71070308,10.38809333,10.6734913,11.0822757,10.70115958,10.43449882,9.959220115,10.59214415,11.22888856,10.65125223,10.6808302,11.39545642,10.36809086,10.35852524,10.44462487,10.63604691,11.20688007,10.9266417,10.72723515,10.35550341,10.66610872,10.26969954,10.79087319,11.146216,10.73045842,10.25716222,12.57598118,11.24499757,12.15001198,11.14479948,10.92227834,11.25182319,11.31137521,11.23393605,10.98753062,11.39072301,10.18423295,10.48966291,10.57299143,10.74934208,10.83830569,9.654120678,10.6221086,10.44248471,10.55824336,10.57423265,11.95877824,10.99960579,11.02274707,11.00688789,11.21192331,11.4229062,11.22180317,11.03659691,11.03761912,11.06509236,9.296153207,10.91573523,10.07622387,10.88397167,10.76969645,10.99986532,10.81585597,11.23773225,10.76200955,11.54691385,10.66491927,10.66429786,11.57969411,10.63764413,10.86873288,10.92150141,10.85160658,11.1186291,10.79118478,10.49902851,12.05501141,11.07000227,9.939853021,10.94655963,11.02859556,11.6995267,11.42769536,10.99756753,11.12104559,11.3951707,10.12558137,10.67382926,10.99621612,11.10893477,10.75674309,10.05469219,10.74799145,10.9242797,10.73576673,11.2844425,11.18087508,10.87973419,11.00870192,10.86212169,10.6325733,11.25042843,11.343825,10.91048002,10.93882718,10.22040622,10.27685125,10.66926061,11.10205989,10.63829114,10.73996861,10.97743102,10.60671997,10.81574512,10.74862366,10.74819327,11.43146824,11.64913354,11.94807152,11.81066052,11.47256858,11.93325679,11.30343719,11.71477538,11.44190916,11.83931369,9.706209133,10.85429838,12.2011601,10.67455462,10.71801911,9.72429755,10.68156331,10.77082399,10.70571495,10.32448249,10.61226417,10.90286442,11.74654853,10.93870228,10.56332297,10.55253398,11.20407174,10.39062257,10.80455669,10.3384882
Q13261,11.85192371,11.39493989,11.16844575,11.63957309,11.34230492,12.5152686,11.53073288,11.64137149,11.44116,11.44739521,11.5673761,11.4668729,11.43512441,11.18023205,12.06084402,11.47405588,11.63752125,11.65951718,11.49212394,12.52553831,10.70289117,11.39852396,11.14887379,11.54623747,11.11699524,12.70216173,10.88469778,11.34717102,11.46565029,11.68767616,11.98154781,11.88564454,11.49985283,11.85018811,11.36859262,11.77418628,12.15676769,12.00582166,11.63577905,11.82942373,10.75226733,11.3824472,11.37271163,11.24037357,12.08698679,11.35376965,11.51979574,11.74200695,11.6811078,11.97564225,9.659365163,11.38646844,13.01796199,11.20924914,11.27327616,11.23256748,11.12722993,11.33697797,11.35018509,11.81580527,9.987513152,11.42855893,11.88553779,11.12893162,11.54149648,12.2616907,11.8508929,11.71242684,11.57946802,11.31326543,12.01287825,11.46563198,10.77527458,11.44042164,11.24973816,11.0102817,11.27997727,11.65140522,11.43483263,11.2196881,11.49643252,12.15491405,12.85087256,12.09122797,11.91717788,11.80142098,12.28086025,11.92693317,12.19032386,12.12403286,11.25336008,11.52630653,12.52711102,11.17539616,11.36474046,11.9245744,11.33808079,11.32184666,11.37058795,11.95786685,10.59363675,11.40775408,10.45583363,11.44826466,11.46116874,9.720900588,11.94479278,10.87150765,11.55488931,12.1089788,12.38043278,11.84357983,11.27290391,11.55752019,11.87857996,12.38514714,11.73958411,11.33049821,11.77166931,11.55123575,10.90099904,12.10895324,10.50245317,11.74022775,11.79126884,12.0307103,12.09957309,11.47145847,11.92173973,12.12257919,11.84542511,11.32460767,10.94969277,11.28916821,11.69094098,10.43162148,11.53421886,12.02033123,11.41328618,11.75735193,10.77598419,11.78640368,11.62366967,12.20514889,11.78970415,11.15191226,11.759401,11.76940323,11.89664928,12.20104779,12.34975477,11.98689149,11.42250052,11.40666224,12.34786787,11.03436145,12.12616165,11.77221673,11.91444299,11.55876596,12.13186058,11.38265393,10.68866249,11.40098855,11.54783439,11.85867175,11.74959595,11.61541886,11.52108673,11.39455139,12.48565493,11.50725148,10.82076924,11.66761902,11.56017675,11.39003103,11.92302184,11.81014194,11.71272882,11.53465129,12.72676932,11.41174012,10.87357936,12.01139001,11.59745324,11.43807091,11.67118261,11.16810639,11.32135649,11.5658264,10.95044954,11.79130229,11.84715834,11.7192075,11.73027152,11.87772564,12.01219031,11.34440392,11.78420882,12.32071928,11.47557913,11.49539529,11.67515789,11.77100305,11.65879121,11.57350043,11.47919036,11.58495121,11.50283759,11.0727814,10.83880573,11.78616372,12.13032792,11.79776687,11.86077193,10.83807074,11.6244673,11.64016856,11.6644874,11.6754328
P02790,10.21535503,10.20253225,11.74446285,10.56587099,10.38396351,10.54106602,10.30923744,10.4034705,10.1656919,10.33882839,10.85121948,10.84832805,10.87022005,11.3203724,11.05717425,10.6843051,10.91994625,11.19388021,11.1496529,10.50502228,8.569408177,10.01096321,9.523581479,10.03785085,10.39432418,9.784309675,9.933932902,10.25004279,10.13052289,9.868723788,12.48621891,11.56917665,11.90599931,11.47183979,11.4809921,11.73847055,11.34180215,11.5398744,11.3616067,11.25328634,8.64409068,10.42479795,10.60225379,10.29218143,10.27178819,10.25373716,9.986799643,10.02229402,10.40026582,10.55733654,10.73842276,10.56316937,10.91641798,10.43349155,10.26190314,9.619703114,10.08342257,10.1330104,10.36689817,10.60586171,10.73185019,10.57291796,11.30495122,10.54972109,10.72886669,10.81672573,10.6293337,10.76270411,10.71059904,10.67572042,10.48704829,10.81802158,11.47405544,10.73818735,10.90432438,12.29272526,10.70126352,10.87471738,10.89684675,10.69958293,10.93082637,10.63043769,11.25457117,10.83379528,10.66718878,11.18377575,10.82074602,10.55152866,10.56449801,10.75641494,11.84371175,10.75318576,10.92974002,10.64644157,10.95715621,10.78626272,10.4293359,10.86995707,10.79622215,10.60894205,11.46959528,11.25004595,10.93859528,11.66908426,11.47637844,12.32676129,11.23727101,11.6185147,11.53840628,11.33796638,9.767030875,9.953358903,10.17301161,10.24031466,9.978837909,9.733050135,9.819687479,9.954996622,10.04544806,9.778714395,10.30323178,11.03105587,11.49173505,10.77658757,11.02717788,10.15842347,10.93758281,11.17297321,11.04269411,10.44037494,10.10870464,10.04509346,9.885632804,10.38756563,9.929201251,10.46641865,10.52315395,9.964916199,10.27845146,10.61430213,10.64965589,10.41708334,10.82000765,10.09145774,10.22046781,11.40365024,10.54416839,10.51056749,10.14919141,10.39659984,9.687062082,10.08445313,9.772453491,10.28034565,10.02707789,11.45670075,10.26799233,10.45615155,10.21544846,10.3934665,10.45289202,10.33035933,11.23964152,10.26354701,9.936035479,10.1642875,10.46447915,10.2894812,10.30606726,10.63364229,11.10767732,10.64621568,11.85596162,10.55720701,10.73584493,10.06981774,10.72706704,10.77763969,10.64092668,11.497993,10.63716466,10.07443537,9.54383931,9.961967249,10.29851351,10.43480131,10.51060108,10.44456633,10.18163631,10.33068249,9.735013869,10.87089458,10.69941218,11.23114939,10.95329342,9.985516248,10.70410968,10.98219346,10.60919846,10.54948367,10.24629964,10.06498726,9.943966452,10.44974115,10.19621242,9.852122219,10.62429869,10.1194057,10.1937397,9.571919505,12.03413993,11.30492342,10.66529147,10.79232721,11.04122499,10.50755298,11.51339668,11.37585665,11.20698698,11.58623163
P14550,11.68448097,11.65267974,11.24657557,11.91219183,11.52474039,11.68861716,11.40673476,11.26944788,11.69042084,12.027418,10.88400228,12.0177666,11.65788833,11.88886928,11.96161054,13.64528776,12.08472341,12.25948513,12.0398731,11.76656621,11.41959877,11.62899072,11.7861739,11.93686864,11.62361228,10.98718817,11.72636572,11.9619097,11.59896178,11.55763761,11.48135389,12.0375414,11.85918161,12.25824579,12.08433754,13.06307335,12.1815064,12.00905137,12.19518747,11.89874769,12.04173587,11.91604931,11.70601533,11.688739,11.94411388,11.94638575,12.10822382,11.55918815,11.93613991,11.87458355,12.00363096,11.70105276,12.00961532,11.34218302,11.44635088,10.9794484,11.41292612,11.45647615,11.5335089,11.82645776,12.34094556,11.95720227,10.86807581,12.33053546,12.14947234,11.07093476,11.94638785,11.86601143,12.09685724,12.13517405,11.53463995,11.73269578,12.95115363,11.65880454,12.13930931,11.53269434,11.47372113,11.93418401,11.86756374,11.61313696,12.31892881,11.96592955,12.06635546,11.82553993,12.08625543,11.14918393,11.63509088,11.44059262,12.04706131,11.95929569,13.07622723,11.79297143,10.92870944,12.11379893,11.53981125,12.31838799,12.07334653,11.71881438,11.80859533,11.99254038,9.950426626,11.75589668,11.64192178,11.95742025,11.56398979,11.12608622,11.77185848,11.74370053,11.50736516,11.33497739,12.38403481,12.22295712,12.65004163,12.33192615,12.21889642,12.18205727,12.11808568,12.55464107,12.19195279,12.17179813,11.92046456,12.59257655,12.34225869,12.79616523,12.34986122,13.09865444,12.90779066,12.58916255,12.57919296,12.69256509,11.47376012,11.99826899,12.19971462,12.42266584,12.0411445,13.29834654,12.23028173,11.97958858,12.0486957,12.85233044,12.040586,12.50567547,12.70873397,12.35729177,12.27312567,11.83145743,12.15325431,12.62287736,12.5469469,12.66909658,11.44249445,12.29270351,11.67062333,12.16310195,12.21332225,12.4868694,12.06780548,12.14654548,12.1558638,12.81492303,10.28192039,11.98532799,11.93411555,11.66918477,12.16034487,10.92418527,12.09974107,12.35667902,12.06131841,12.23591087,12.15691819,12.39478006,13.33534723,11.93543644,12.14422897,11.7143551,12.47619907,11.91892784,12.31373449,12.06023624,11.59786566,11.58762412,10.86165437,11.60653499,11.87424498,11.13223223,11.64394829,11.41667593,11.56687353,11.05555341,13.03624399,12.3175989,12.61274395,12.50546028,12.32944736,12.7312662,12.44819765,12.24358133,12.35730176,12.39525008,11.90153299,11.95180437,11.08455577,11.71436421,11.646215,12.58563532,12.06811851,12.35535577,12.00292123,11.415094,10.06931966,12.18599776,12.20387809,12.30029022,12.2922272,12.21057382,12.15718577,11.99406952,12.102855,11.89476957
O00548,10.10111267,11.6156276,11.09603004,11.18381926,11.71551573,11.54265142,11.45474739,11.97729988,11.66948527,11.26665644,10.30133052,11.83797932,10.5812177,11.68009286,12.15075211,11.3380316,12.07920385,12.26802578,11.90813441,11.86085464,12.45434459,11.7206064,10.80659644,11.56284487,11.89704166,12.05677402,11.31003758,11.61408017,11.40217641,11.87210091,11.41389939,11.95938685,11.62129159,12.08051779,11.83942817,12.53358637,12.51817571,11.68576466,12.21194414,12.26865913,11.41771814,12.23313912,12.81288579,12.22590258,12.30057617,11.95489775,12.11666616,12.55140669,12.10265126,12.38108468,12.67420541,12.09999581,13.22608457,12.34347929,12.10885253,13.391953,12.69494611,12.27706907,12.28076587,12.22528135,11.28450015,12.12982841,12.62877609,12.33873347,11.67750093,12.72017319,11.47777231,12.10800147,11.85014671,11.9163393,12.42382298,11.85671089,12.66673983,11.93219147,11.66928696,11.1759192,11.4968045,11.60042901,11.85834797,12.07916976,11.39349432,11.83153027,12.28388452,11.51310688,12.08718545,12.21401874,11.61653883,11.78849197,12.07392056,12.15244714,10.89517607,12.02346472,12.1070278,11.88626438,12.11946665,12.25669824,12.12508392,11.59086895,11.8539807,11.47801771,11.09417677,11.89073666,12.25827515,12.25063721,11.85885002,12.11293425,11.88212596,11.76488974,11.87553348,11.9456947,12.12344436,11.82412084,12.66452262,11.92554541,11.84418479,12.50442553,12.35801879,12.11567814,12.00278558,12.54454902,11.38906587,12.34685398,12.03990558,12.65054013,12.10269435,11.10428199,12.43434861,11.99568814,12.09380861,12.03127145,13.23405281,12.26753817,11.36106155,12.39501216,12.10536187,13.57821186,12.13681264,12.23995447,12.10745522,11.52736843,12.4709123,12.03675587,12.88144796,12.25252995,11.96986814,11.63442668,11.86343415,11.58984432,12.19227098,12.05113991,13.33371826,12.24120093,12.51345828,12.64908908,12.33061435,12.79753986,12.67594401,12.30510243,12.42201025,12.91042896,11.2852002,11.90797236,11.3388839,11.78105018,11.6375884,12.06815991,11.46529582,11.6160938,11.77350432,11.9465029,12.70142963,11.9482075,11.05473975,12.37157107,12.27911875,11.64000683,11.89435459,12.04296677,12.05442198,12.24443878,11.50038179,11.65711626,10.49018507,11.71422528,11.32179786,12.03596947,11.16081992,11.07776659,11.51763525,11.31379938,12.33939664,12.31836682,12.26519458,11.9352398,12.4216222,12.48206998,12.41809745,11.76876068,12.10922513,11.77931832,11.57777661,11.85552993,12.90833851,11.49000338,11.86575451,11.6673666,11.57496909,12.0889803,11.85989018,11.95114624,11.8807461,12.06137028,11.84812697,12.38705295,12.08802855,11.6501089,12.18109073,11.99693211,12.04248934,12.36371365
P60568,11.6630335,11.46807309,12.38519886,11.36631628,11.65908561,11.99910518,11.68008303,11.25945259,11.42697244,11.15660329,12.24483037,11.87554491,12.0254488,11.4482443,11.88996188,11.78814872,11.88262881,11.95704261,11.61257716,11.89771508,10.6792526,10.83048666,10.82976338,11.31578773,11.23120995,10.32606923,11.3416789,11.06344946,11.02429512,11.2237658,11.84427218,12.40773418,11.4249544,12.63102087,12.38028498,12.10154712,12.57884729,12.38287497,12.38978696,12.41241985,12.66708936,11.53956269,10.87274944,11.26111733,11.75020926,12.04597445,11.45029484,11.50431072,11.53941779,11.71643909,12.16858434,11.39478353,13.28130062,11.33399119,11.41533282,11.59720197,11.76978086,11.75493363,11.54428837,11.40490829,10.72702879,11.6315417,12.7522373,11.86687601,11.66102668,11.79461619,11.51112836,11.14064888,11.63015618,11.44132244,10.87997933,11.62059064,11.83695612,11.88688455,11.59272507,11.70114465,11.28937212,11.54325086,11.64157185,11.77823882,10.80662101,12.05934095,11.09980597,11.96670787,11.76295946,11.78952443,11.75857729,11.96099584,11.8786249,11.86018028,12.08457856,11.41821397,11.19110308,11.51815023,11.44618263,11.53219891,11.3793333,11.08026934,11.54233448,11.65997398,13.6507983,12.38767159,12.18735561,12.2936407,12.34335288,12.60853891,12.61127841,11.95978614,12.36775443,12.38876151,12.52793384,11.28700295,11.70974844,11.53987224,11.24530458,10.58155473,11.68332679,11.41551254,11.31731449,11.230798,10.68377076,11.84077408,11.07955164,11.93203271,11.57436989,12.45756572,11.98664489,11.69642694,11.89245016,11.2966668,14.13150341,14.07636368,14.45321871,13.85042985,14.34808263,13.3488262,14.17968356,13.98442401,13.89877966,13.82100295,11.63121092,11.57137313,11.86064812,11.63075969,11.77591283,11.39891807,11.31274711,11.46840615,11.42169366,11.81654405,11.5019732,12.07961136,12.41262321,11.83158989,12.00468597,12.76454154,12.44208776,11.83497741,11.93394127,11.77443719,11.75546789,11.4513788,12.23604425,11.70746799,11.69234904,13.0069938,11.68793682,11.69706961,11.61932451,11.44607771,10.45235836,11.78665303,12.02260249,12.00909658,11.80984138,12.27313311,11.43100298,11.7208778,11.73214903,12.00877966,12.08927486,12.14376698,13.01285801,11.86066404,12.07802117,13.22813026,11.91164166,12.4226705,12.08014461,11.57783133,10.95391238,11.17818238,11.68599315,11.23210009,11.55708216,12.53121306,11.30381392,11.72362387,11.26570198,11.6443025,10.22829347,11.3834742,11.83593606,11.82115513,11.3765353,11.24101257,11.29336992,11.84492052,11.63976368,11.38958915,11.88335903,11.94662158,12.4366974,12.06775593,11.79508363,12.83357176,12.19866951,12.19447429,12.16621634,12.24074129
P36222,14.47688774,13.87458721,14.32380699,14.31903929,14.11897997,13.99820921,14.19617974,13.74070305,14.15445958,13.49452029,15.93832182,15.24374623,15.49481088,15.1539062,15.35261504,14.16238625,15.3589033,15.17268493,15.26216611,15.49366207,14.8694382,14.08880347,14.67049841,14.23318276,14.13196375,13.44266225,13.7108494,14.09980539,14.15401883,13.84744915,15.28596478,14.99553533,14.53779643,15.42693309,14.88014478,14.10617663,14.36329735,15.1792975,15.0551694,15.24549133,11.87468556,13.05143849,14.0805937,13.69517648,13.26164953,13.27054679,13.12826106,13.50379186,13.31235076,12.77261942,14.23589582,15.04346353,14.9660304,15.11873191,15.3153765,15.12667531,15.3466613,15.16615765,14.99350054,15.24121096,14.48634983,14.99346802,15.17693573,15.02451648,14.61332501,14.34938397,14.99490959,14.89253567,14.85490446,15.22299077,15.23521819,14.65680036,14.48405034,14.54199685,14.68596757,15.41615865,14.48286882,14.6145449,14.50777092,14.753396,14.36380246,13.54855088,12.51779736,13.93407782,13.91436155,13.83283621,13.89509714,13.42825887,13.79041022,13.84563506,14.84577044,13.95765884,13.61514327,13.81313931,14.03939051,15.18115,13.84423179,13.89463939,13.96903177,14.32902406,16.2432876,15.91717993,15.64200908,15.69679814,15.8474626,16.34646174,16.40408752,16.3970512,16.07632865,15.26779988,13.5160209,13.63255605,13.99955341,14.20901343,13.60972596,13.42767871,13.8282739,13.86078742,13.66367577,13.65193554,14.58965502,14.4434136,14.78823766,14.04963399,14.43910258,15.04994625,14.58917517,14.55326736,14.56995578,13.8796542,13.211389,12.73249068,12.35255704,12.85965323,12.52902158,12.94593544,12.52243514,12.57764907,12.7218597,12.65345952,13.75789402,14.62260521,15.52545931,14.46200242,14.41599508,14.35583487,14.88889428,14.47379654,14.60143725,14.34856475,15.42518469,14.94829931,16.24156871,14.6222647,14.79523452,14.80636443,15.1114395,14.71937503,14.91960211,15.11828959,12.92251629,13.60920629,13.22913674,13.92146774,13.61866803,14.38608182,13.40745092,13.92983158,13.7002193,13.76764206,13.52648185,14.6937713,14.76247382,14.6981232,14.56957423,14.26835842,14.54660121,14.90931412,14.7059537,14.58038167,17.25915527,16.95068458,16.55517389,16.7278121,16.95733533,17.39222025,17.40008265,16.48272251,16.97391805,16.23015902,12.49966606,14.52371926,14.75307557,14.16129719,14.37924435,13.98174877,14.00641822,14.44396722,14.14914871,14.28651287,14.05027021,14.49732717,15.36527549,14.34335299,13.96336576,14.56051381,14.19389052,13.99963962,14.25355851,14.50453889,15.10065987,15.25729444,14.25065691,14.91064889,15.11021682,14.84364532,15.0246295,15.52176285,15.19292056,15.19619083
P25774,10.95613279,11.07766661,11.7940983,11.05998499,10.61416915,10.9856264,10.72448122,10.94310874,10.73410269,10.51410012,10.86513365,10.96749739,11.10227568,10.53427158,11.05406341,10.38418713,10.91420509,11.10446742,10.88386305,11.34760239,12.51812132,10.84390951,11.61835884,10.9628535,11.00455486,11.52397317,11.03013383,10.80453338,10.86059134,11.09070052,10.46388636,11.08025632,10.65000609,10.93032225,10.71906826,10.21221818,10.84582906,11.13814626,10.97162838,11.22778766,12.65313777,10.98234821,11.02880879,10.68236747,11.05486842,11.8264026,10.79893959,10.67420772,11.02027949,11.00729236,11.13517134,10.77891916,10.78641415,11.0593096,11.36460704,10.91722169,10.82796216,10.81384559,10.93545984,10.50505877,10.11672137,10.95874482,10.39129219,11.26979937,11.22770404,10.51573537,10.92880171,11.05767111,11.01812047,11.14831941,11.03811924,10.74280139,8.387167041,10.86380077,11.07419491,10.65654936,11.23880324,11.00382052,10.86546415,10.48474403,11.03486639,10.87947427,10.20091049,10.45264094,10.9056126,11.24497687,10.66896654,10.85057731,10.96161164,10.80954706,10.89522008,10.77350168,11.09341087,11.09004191,10.8460152,12.82347831,11.31267125,11.00740255,10.7827427,10.6212902,11.13683723,10.75548449,10.87295996,10.9006221,10.81543439,11.12468308,11.19157598,11.12819701,11.11229669,10.72410867,8.865774899,10.94698746,10.12595325,10.72194157,10.91530139,11.30527146,10.65507697,11.00511585,11.05070819,11.44936555,11.9200514,11.18378578,11.73238262,10.72590171,11.05429716,11.56890367,10.8943088,11.27042369,10.88707591,10.8165176,11.25918447,10.85665784,9.936315046,10.95453175,11.0069753,11.16411444,10.97747358,11.37312851,11.06100745,11.55526557,11.47538795,10.97146789,11.97861755,11.08135962,11.15820748,11.36727012,11.09667176,11.34557123,11.02776026,11.77243042,11.83042492,11.21751994,11.47804802,11.48541437,11.36725327,11.4982562,11.61591824,11.48461137,11.32756204,11.26507839,11.73153476,10.87748823,11.16329231,11.28099611,10.83710943,11.86351912,11.35528586,11.01110781,10.85514574,11.0859702,12.08824187,11.06095644,11.07509086,11.53355637,10.83073652,12.90858899,11.05682655,10.91164727,10.94109034,10.84263719,11.3556174,10.76469433,11.06328214,11.21151525,11.03569691,11.5958854,10.8950427,10.72056574,11.1121093,11.22368372,11.20029863,11.49544467,12.0345275,11.23001494,11.58524699,11.2375529,11.30456277,11.41339429,11.41889594,11.20070018,11.60728716,11.04727132,10.71276549,10.69729637,10.93095694,11.67084508,10.80169117,11.44469602,10.94101142,11.18132957,11.16714734,11.12534554,10.71326281,11.29227052,11.37254857,11.49020004,10.64276765,11.38081386,11.2012834,11.57134639
P05231,8.840181327,9.703153262,9.307828421,9.290764826,9.624132567,9.66984619,9.345908858,9.661037909,9.590908804,9.638356191,10.87939746,9.881691892,11.03221113,9.892794851,9.777691565,9.691859897,10.00194599,9.869313414,9.788934609,9.320778627,9.051227699,9.511551014,9.734774417,9.647041449,9.718568237,10.20706027,9.311429508,9.863009331,9.551906654,9.747101714,9.252357375,10.00053285,8.8995928,9.836711482,9.829085139,9.67022591,10.04849836,9.85208984,9.787183473,9.857670544,8.845924218,9.622570967,9.568492748,9.759838431,9.846470483,10.15594364,9.345787715,9.610261861,9.530965638,9.638822807,8.933456368,9.200253027,9.279627882,9.631533637,9.535609928,10.43991258,9.234536169,9.143363944,9.412794628,9.45026378,9.285540486,9.854059359,10.51386418,9.869434734,10.17946178,9.722478489,9.587228905,9.939896752,9.97221225,9.859697723,8.816956779,9.758500391,10.39658497,9.60774171,9.650395381,9.807089137,9.852013769,9.71756823,9.680835175,9.838143357,9.963840484,9.436071317,9.329284361,9.42745021,9.648674992,10.62787138,9.518591365,9.594047798,9.641524667,9.485410636,9.59804749,9.829081865,10.02942162,10.01157799,9.865806569,9.407036641,10.09754556,9.989851226,9.98742901,9.832078524,10.35105451,10.04732462,9.805446714,9.807863252,10.21709573,11.2341311,10.2227259,10.42022365,10.07604573,9.547423922,10.20780904,9.584590228,9.781313313,9.707889116,9.675348875,9.496962572,9.437887912,9.768566261,9.613875053,9.263876741,11.17605405,11.16209079,10.8728646,10.84457428,11.04518935,10.86643837,10.94535038,10.75227985,11.15331957,10.90402787,10.48046611,9.720730539,10.87961588,10.31689269,9.894471963,11.1012157,9.757676173,9.678975875,9.837749506,9.780553421,10.95096451,10.1572688,9.835255607,10.10624752,10.40031294,8.674947814,10.08796653,10.36406072,10.02227873,10.55534893,9.498919103,9.708740353,10.58703296,9.679183043,9.615759576,9.650046793,9.707060634,9.261142328,9.608506613,9.520734977,9.550571958,9.791029361,8.209142109,10.1604154,9.581553327,9.084971723,9.791864684,9.335896701,9.648248932,9.844988785,8.70765393,10.0281302,10.02972525,9.794938184,10.08810552,9.919973141,9.74728079,10.02672375,9.823543701,9.430867775,9.853208558,9.258217445,9.383447258,9.584124453,9.361553994,9.191407983,9.164253032,9.238129818,9.264680625,9.293082191,8.359951444,9.570112671,10.10354087,9.244077951,9.384917717,9.517532764,9.629863493,9.193620259,9.486518714,9.354553105,9.385224947,9.616370041,9.142779414,9.534813401,9.575527626,9.212172817,9.456982175,9.40434273,9.519899306,8.980090279,9.538259434,9.843843009,9.61667707,9.608738041,9.794672101,9.583242511,10.10819808,10.39167104,9.901121355,9.565606502
Q969Z4,12.64142923,11.55722143,10.87044196,11.73703034,11.88572486,10.97891903,11.50584424,11.42810364,11.66353543,11.53480323,11.2380321,12.03784218,12.79878935,11.68212717,11.93046675,12.18388546,12.09598723,11.63935431,11.90297221,11.9441923,12.58513304,11.53440435,11.70540165,11.59323397,11.68699519,11.44513508,11.46767017,11.48681038,11.72135905,11.95837022,13.03086515,12.47640839,12.01179411,11.807851,12.32301189,11.57353735,11.86163422,11.9173421,12.2341219,11.90262128,11.97755423,12.27588475,12.12577373,12.28826666,12.26032346,11.69226817,11.83386453,12.15338536,11.9291431,11.9294364,11.65734559,11.38898043,10.87147311,11.7107725,11.04175633,11.50520816,11.76698172,11.3706518,11.61176006,11.0329123,10.49755402,11.56344428,10.82624529,11.79485083,11.78949371,12.00313442,11.58723151,11.85068004,11.75003543,11.69765064,12.0984018,11.75196612,11.60460518,12.0872,11.85491269,11.9906752,11.53762534,11.81633252,11.67593403,11.20767557,10.37031221,11.71352745,10.46605707,11.51508044,11.62137389,11.08541732,12.02654459,12.10364992,11.71392344,11.91794577,11.60317702,11.68032705,11.9161406,12.12684812,11.46905833,11.71896791,11.33830281,11.73175972,11.64220175,11.32160034,12.7266456,12.20614366,12.37724527,11.66920454,12.01659535,12.70599855,12.20369227,12.11678937,12.11522438,12.03346935,12.00755967,11.88415799,12.27856467,11.98887939,11.88635566,11.94735915,11.84188834,11.9381647,11.99029318,11.83809428,13.30183057,12.55028231,12.93390637,12.29508516,12.86332548,12.26626229,12.95565437,12.82624467,12.58774108,12.69746284,13.80180286,11.75161936,11.21405648,11.40146563,11.76179473,12.00294781,12.12916087,11.37359414,11.67626269,11.64103635,12.24971359,12.03283091,11.54881308,11.5987927,12.13561134,11.82190949,11.66632077,11.89095349,11.90150202,12.14284395,12.10968779,12.62392523,13.58185883,12.4995758,12.44616723,13.8014242,12.7512806,12.55747412,12.88252911,12.85353495,11.87156678,11.60503519,12.06906316,11.67716434,11.78443243,11.74131513,11.34452652,11.96246922,11.75561225,11.93830288,11.93566531,11.92059616,11.2602576,11.75630012,11.90532697,12.12093795,12.32726198,12.36218522,11.95548282,11.34901207,11.25689353,11.87416416,12.21814011,11.56241364,12.25221747,12.71054686,11.93313919,12.13507679,11.98399248,11.8693211,12.05869485,12.10322238,10.87622362,12.23273809,12.16638351,12.85521605,12.51488032,11.97021316,12.21172375,12.17855578,10.79749984,11.94643314,12.28648085,12.30470522,11.8308696,12.28804191,11.67581533,12.1324925,11.87113332,11.94623468,13.91689975,12.15915051,11.67357994,11.94803838,12.35044648,12.2320142,12.30098433,12.12634868,12.05341964,11.98139649
P01215,9.270662728,9.74502429,10.00991931,10.0218727,9.697371379,9.953658898,9.769932016,9.911866846,9.816835575,10.05186904,11.40762542,10.92993237,10.81715713,10.48979918,10.85355946,12.09014169,11.07735255,10.8200846,10.80949502,11.24689535,8.316521712,9.431048747,9.854575208,8.928299947,9.068182733,9.735566012,9.651799157,9.137570662,9.151952961,9.453776895,11.15246504,11.09060341,10.70341543,10.75367888,10.68745211,11.61512519,10.67971052,10.63203159,10.97871942,10.89021416,9.850394482,10.38937138,10.91470207,10.20488655,10.11212259,10.64568466,9.892171414,10.07820924,10.22758236,10.64408752,10.5953412,9.436221277,9.004595192,9.84253073,9.723164545,10.30318076,9.51067774,9.440861589,9.657518817,9.654893964,11.26229796,10.7854966,10.29616312,11.03714426,10.95081555,9.642219229,11.06815931,11.04715775,10.74837622,9.968439354,9.753112941,10.34958013,9.528784553,10.54295187,10.55080163,10.32340225,10.67450751,10.7163727,10.45730332,10.19075043,7.93089181,9.289742323,8.441558186,9.30671077,9.212239774,8.938285071,8.981381669,9.366914542,9.279472044,10.03929298,9.967088674,10.13967698,9.679043812,10.47119397,9.827517529,10.46564812,10.14038059,10.41968609,10.16519616,10.59121243,9.818051943,9.958424144,10.45445834,9.998278799,9.933652588,10.5052335,9.892609758,10.17542189,9.933313343,10.31126107,9.870669585,10.62906102,10.30899478,10.69985328,10.31442245,10.18695093,10.43085118,10.43509894,10.66207229,10.21963945,10.69375275,10.30176575,10.07321654,10.34938136,10.41312014,11.09910609,10.32543045,10.75488347,10.47163123,10.36935198,9.966733434,11.01335578,10.16746207,11.30876501,10.82910143,10.92284907,11.47579812,10.95785149,10.95957693,10.55819087,10.44123672,10.47962759,10.24585738,10.02612064,10.31935468,9.652443308,10.31605712,10.25371371,10.2501269,10.68576431,8.504610141,10.16858362,10.87677096,10.11506033,10.11415257,9.824991815,9.954538008,10.44813439,10.07398578,9.681359098,9.224038608,10.18357465,10.13742871,10.21295085,10.00882332,10.65881811,9.902073997,10.12876641,10.14922915,10.15825785,9.78184848,10.23924873,10.86770416,10.22341493,10.1152385,9.910760859,10.23049309,10.00521957,10.34604458,10.25684975,11.01017158,10.46550177,10.92795731,10.35940458,10.64735172,11.79519958,10.57198096,10.54178264,10.45807326,9.871208843,12.01588904,11.10016103,11.05018216,10.72463084,10.6755574,10.60835365,11.07128481,10.86650797,11.09884501,11.17304145,9.000851303,9.915605246,9.912012813,9.938168955,9.66572973,9.582366005,9.742730805,10.49784443,9.758999713,9.702044939,9.982479132,10.07805494,9.829632718,10.14066401,10.27057273,11.04680978,10.24208098,10.20618184,10.14218413,10.3247567
P18627,13.42735325,13.96784546,12.73751193,13.09288266,13.71198717,13.26871546,13.94713108,13.44958848,13.7121847,14.68383796,14.88219432,13.90294405,14.10106289,14.65606695,14.30148596,14.23093177,14.09456894,14.16515454,14.17601578,13.94990468,13.21585713,13.76804488,14.41481313,13.96778888,13.78374061,15.04383057,13.53087889,13.6722374,13.70939792,13.70179199,14.38297464,14.51674763,14.44086363,14.39406523,14.46192125,15.0723767,14.50047542,14.87808172,14.5813072,14.48521513,14.85528405,14.87495996,15.58590196,14.75296562,15.11936019,14.92645955,14.60629428,14.93050802,14.57632412,14.66109987,14.83695642,13.76789468,12.44853066,13.37434144,13.56645738,13.59294158,13.49041658,14.03055975,13.72871874,13.74858301,14.0235597,13.82729366,13.2880511,14.16205552,13.85977499,14.15176749,13.37852515,13.42472998,13.99661428,13.69803944,13.23061915,13.75732641,14.45687206,14.04238235,13.85525517,14.15315623,13.39304805,14.03516581,13.88897222,14.34481081,14.55949397,14.10111775,14.13346961,13.90894993,13.98101404,12.88940635,13.75202609,13.48963828,13.75763122,14.03841667,13.77694263,14.07023974,13.51644834,13.68477753,13.97527007,15.28245954,13.73028495,13.95787943,13.89138516,13.65480552,13.32924599,13.56775993,13.81246395,13.56148512,13.48445556,13.29352825,13.49837842,13.72917253,13.61618646,13.78338705,13.11677023,14.23517705,14.56075909,14.56281409,14.217005,13.973249,14.60006491,14.06175925,14.22603466,14.03217214,14.34251802,14.0275707,13.84913006,13.81088024,13.97832863,14.81293501,13.87832361,13.7789908,14.15679187,13.65089348,13.96258785,13.78083716,13.58611772,12.64046894,13.42188167,14.28066144,13.16185658,13.53906547,13.43183019,14.10727298,13.85010576,14.28059114,14.45556872,14.46875822,14.45636811,14.23068283,14.15012736,14.61530403,14.24296417,14.2172511,13.17813064,14.19931929,13.95801253,14.15603177,14.364418,14.41606794,14.38570225,13.77175203,14.51246223,13.87661509,14.1255576,13.92678315,15.01214805,13.66742647,13.80146805,15.23803578,13.91867336,14.0055902,13.59642387,13.8446785,15.22393586,14.6957351,14.81817204,14.67623018,14.65728153,15.39328288,14.43604005,14.62752026,14.82143007,14.71515337,14.09426005,13.72353077,13.77761696,13.42957255,13.74026113,14.09394533,14.06636677,13.85782414,13.66601132,13.49464355,13.79311517,14.7588473,14.42338265,14.5772316,14.84403841,14.27833904,14.95707448,14.91500936,14.70937232,14.59331455,14.44276149,13.78706571,13.22614402,13.81791317,13.75545404,13.78866333,13.75028817,14.03659962,13.81759657,13.56606344,13.36087789,14.47784512,14.83884231,14.13584,14.07328,13.83160366,14.53331192,14.63834183,14.44407556,14.73392111
O95954,12.32259668,12.43214708,11.47455015,12.58109738,12.3253125,12.07063559,12.41387362,12.26850274,12.37127713,12.20992859,12.90697892,13.32573924,13.83449886,13.18399206,13.04321004,13.31126098,13.01251925,13.16185633,13.00625581,13.20576554,12.40707874,12.12942583,12.18025297,11.96236679,12.24515593,12.26796618,12.47847957,11.7773845,12.02824038,11.86655925,12.69606106,13.64819558,12.80842843,13.62488246,13.45124354,14.18529966,13.70215384,13.69257008,13.61726641,13.38079039,11.86914059,12.61620546,13.60696638,12.79141982,12.99210476,12.94193585,13.06668218,12.67875551,12.72878097,12.48511776,10.14039637,11.72553258,11.58580596,11.5810872,11.72854979,10.65155149,11.31475266,11.74921035,11.74072592,11.33042303,14.12450366,13.14886881,12.7460155,13.1663104,13.09127151,13.43973318,13.16678727,12.8227315,12.92287335,12.99424699,12.31394114,12.93781111,12.23118759,13.3252495,12.58897773,13.81535655,12.94820215,12.96557234,12.91569838,13.36647056,14.49648211,12.57181677,13.09610817,12.93738343,12.6974311,12.43069366,12.61605517,12.74522654,12.54006552,12.80982577,11.64424067,13.20781462,12.5923683,13.08306799,13.19291601,14.67859895,13.06954729,12.73229368,13.13434769,13.24849138,14.2027841,13.81808639,14.51024868,13.81031546,13.76256392,13.59339368,13.96066451,13.82117884,13.55457909,13.19836003,12.77768163,13.40622607,13.36953217,13.4811567,13.60688119,14.83653876,13.63842788,13.78578207,13.48293974,13.56823107,13.49040022,14.22623266,13.701655,14.10845378,14.2598717,12.82606001,14.16702037,14.30240453,14.20710563,13.49081382,11.93697912,11.94332774,13.78549146,12.14202204,12.27189122,11.93162847,12.1570498,12.19836508,12.30924804,11.81185444,11.27184122,12.81459984,13.73888495,12.8202705,12.88999246,11.9816807,13.38391415,12.81950848,12.89597691,12.98257345,13.46679621,13.2566895,12.65570883,13.50498342,13.46749821,14.20187178,13.168987,13.21829965,13.50147013,12.91902252,11.62483843,13.20605996,14.10459293,12.95335898,13.16681038,12.87374578,13.03070492,13.42096541,13.22343656,13.31880184,13.23831905,14.08984039,14.54312587,14.60132973,14.01054182,14.43548869,13.77497319,13.81872458,14.02758177,13.75938059,13.1649713,13.32245985,13.36690403,12.62809237,13.14171988,12.29110268,13.00259756,12.87671691,13.08602015,12.79208427,13.51596579,13.08399146,13.44336404,12.56990689,12.87364634,13.13168159,13.31112847,13.23817343,12.99902627,13.4257246,13.31917523,12.47276138,11.96779849,12.83416022,12.9197722,11.37413663,12.32810029,12.19728926,12.64799749,12.43919239,12.41588403,12.95645615,12.71349431,13.25710598,13.18939973,12.83802663,12.95960966,12.96291486,13.17103975,13.17424621
P24158,14.34638904,13.98026947,12.39849098,13.99980939,13.93263517,14.19878325,14.26470376,14.16575927,13.95696734,14.39055891,16.53830507,14.62135744,14.62251631,14.66396042,15.01739421,14.49738471,14.55752045,14.66334835,14.66168768,14.66770954,13.35910086,13.85430548,13.58757255,13.74715572,13.71166005,14.27915686,13.51964819,13.76239069,13.52294084,13.89594597,14.62573901,14.5367106,13.7151793,14.23457148,14.40908423,14.94943639,14.33952555,14.63594996,14.36650731,14.29240089,14.93245204,14.08494401,15.10374171,13.89133747,14.14881148,13.34668875,14.17290449,14.3593027,13.8749476,14.3693044,13.5727792,14.07633596,14.18676766,13.63728637,13.87951445,15.25004349,14.45586965,14.37801834,14.04210489,13.89590223,14.34713026,14.940072,14.00555236,14.86791883,14.76220593,14.42484185,15.11849639,14.9852594,14.84999328,14.80569523,14.90309097,13.90625556,14.70414099,13.86940796,13.9121984,13.42632397,14.08280576,13.90288591,13.90458176,14.22634858,13.04602258,14.40839553,14.58752675,14.48871226,14.65462867,14.21405592,14.37912098,14.6107971,14.6528971,14.11824781,12.72824992,13.6704121,14.02602288,13.18020694,13.57071848,13.85177555,13.36197122,13.45361457,13.60393967,13.36910771,15.85886158,15.34829934,15.70724735,15.2053019,15.39388724,15.30813817,15.76576473,15.21205788,15.61718777,15.75851554,14.09084721,14.02501449,14.1521497,14.48927065,14.10711312,14.13749856,13.60809178,13.9774168,14.14477117,14.11996443,14.03659938,14.46294268,14.44550367,14.16764113,14.22448278,14.11258238,14.65452316,14.34743484,14.38768411,14.67706634,15.71738326,14.71044004,15.2944284,15.00173897,14.76010067,15.01781241,14.69078302,14.62409859,14.90581988,14.80911093,15.96910647,16.85865513,16.63369655,17.27409848,16.74134798,16.93429255,16.71927095,16.75664546,16.88396291,17.55083152,12.69663265,12.95010237,13.4019386,12.73422007,12.89711132,12.61253029,12.84089621,13.10258266,12.92944806,13.25360696,14.55771332,14.45255084,14.20344163,14.35292277,14.02559557,14.10268849,14.19289487,13.81179165,14.11874091,14.04765425,14.39807721,14.32296801,14.12637229,14.58123479,14.44345143,14.99875297,13.97853485,14.27817209,14.05082965,13.47412837,13.18187181,13.55835775,14.40739773,13.60776546,13.58862766,12.99685522,13.8693459,13.70848097,13.74476021,13.57207627,13.67953066,13.76376478,14.41387497,13.60422128,13.48144401,13.67187496,13.77764378,14.08377318,13.6891418,14.03634809,14.46195131,14.0108737,14.45059664,13.80043851,14.11451931,13.70557577,14.31431462,14.10499745,14.11313866,13.86219676,16.60705778,15.072998,15.80009791,15.24355799,14.96232027,14.19249047,15.20113354,15.21218251,15.10502581,14.81205146
Q13561,11.36421851,11.32838496,10.16303469,11.3958937,11.2851888,10.82833559,11.44014948,11.4055359,11.3398933,11.51461226,11.03520926,11.55972437,12.38479518,11.75253615,11.62724952,11.1217759,11.20061225,11.49546687,11.41268942,11.7871298,9.318595957,11.14381369,10.07394472,11.24755708,11.031423,11.03859664,11.1522671,11.05041618,11.08574459,11.39755177,10.23089131,11.49151722,11.47717899,11.55977713,11.71338535,11.24248914,11.13758787,11.88597363,11.45507108,11.63217708,12.2226998,11.39081679,12.14818691,11.81688232,11.72779123,12.17384936,11.13288324,11.00398894,11.61959607,11.27432728,12.60551901,11.52900565,11.4858327,11.54319112,11.30288978,11.13821959,11.25671186,11.27403345,11.45458755,11.17981983,11.43482758,11.63493222,9.980813855,11.75476431,11.56521915,11.86133174,11.41441222,11.38880922,11.67510253,11.43352385,11.33473577,11.60246695,12.04382044,11.47129025,11.51487341,11.66296237,11.52966995,11.32278544,11.42864748,11.47630433,12.26938734,11.52323897,13.14184396,11.40775055,11.44894779,11.96622871,12.03868425,11.46350615,11.3907681,11.27306065,11.61578198,11.41380123,12.05517265,11.23116823,11.20672339,11.79277997,10.78124443,11.32816747,11.32793235,10.58562791,10.70789972,11.47208117,13.14646756,11.47224681,11.2954768,11.18756666,11.38067198,11.57096308,11.49243108,11.59471538,11.81712325,11.3948456,10.9353631,11.65587068,11.65546866,11.67376445,11.41805932,11.76175606,11.67172025,10.96816481,12.188102,11.41603178,11.91528398,11.56742193,11.27639293,11.70579983,11.33984709,11.23189992,11.44952752,11.5624921,11.82322116,11.65614576,10.8581293,11.13749971,11.5700274,10.71040165,11.4661041,11.80349874,11.6283068,11.27180871,10.53811582,11.33865536,11.79727427,11.80182453,11.63195631,10.36588481,11.39600904,11.48238388,11.28338481,11.1574136,12.77755029,11.9737533,11.47546116,12.05503571,12.24249922,11.6629202,11.97308009,12.36553737,12.19098299,11.55854975,11.62758549,11.35199621,11.37760961,11.5255598,11.22153528,11.22764075,11.36680785,11.46954332,11.43189463,11.49888213,12.12261279,11.44594333,11.6778607,11.72230685,11.73704472,12.1784462,11.66603423,11.34820214,11.5078741,11.33672636,9.051146773,11.72338692,11.14766689,11.77931431,11.8333788,10.6992771,12.22217257,11.64811015,11.73711788,11.90942665,11.77131114,11.58958767,11.34132618,11.41235212,11.51523426,12.06399371,11.5622802,11.86987642,11.43175856,11.74127762,11.02090817,11.84556009,11.839185,11.73461608,11.76202042,11.25820363,11.33236627,11.20770046,11.55051151,12.01610504,11.6074561,11.43896599,11.88842694,11.65018951,11.14645831,12.37487734,11.9260684,12.11480604,11.58496792,11.96593059
P18065,9.216511805,8.935297409,8.602733523,9.070142445,9.139812684,8.139291371,9.082205829,9.198220481,9.244143318,8.946165401,8.621360028,9.937514717,11.07062149,9.472603608,10.00649791,9.516792543,9.70023192,9.345680223,9.564793035,9.314137865,9.792567303,8.441359976,8.767617279,8.585855664,8.408296401,8.629188517,8.602886659,8.455520273,8.25267917,8.471455693,8.120372159,9.438068663,8.897198813,9.528924307,9.243741761,9.565379068,9.288785258,9.101769036,9.330962492,9.057149379,9.599481474,9.440608987,10.17192617,9.42383809,9.630066763,8.754732709,9.569517943,9.275487052,9.378913881,9.600769253,9.215514654,9.311276524,9.121426894,9.095368524,9.145181135,9.520182928,9.003104446,9.096770995,9.034162156,9.132400006,8.129690013,9.169225625,8.446522007,9.120820893,9.572527326,9.189578285,9.380334613,9.163925734,9.123709498,9.105988396,8.09096188,9.178510242,7.785227373,8.967717312,9.374479578,8.439491221,9.449737644,9.246959705,9.453700444,9.211603638,8.906021893,8.839059333,9.017679943,8.422946572,8.929446774,8.215599822,8.887431882,9.187663662,8.909121714,9.406656733,9.174186419,9.210423233,9.084552283,8.812713957,9.159367255,8.915672051,8.884267827,8.622501496,9.085019402,9.249895563,9.190580688,9.63696431,9.721266224,9.083562662,9.510199058,9.502596853,9.328056838,9.45761728,9.476457256,9.184870588,8.724103673,9.191080789,9.82782722,9.582086019,9.660957758,8.331550708,9.114474243,9.319305419,9.092527182,9.269893423,11.36004839,10.99521816,11.21497757,11.15283373,11.05291882,10.38794451,10.69753209,10.97593636,11.13474364,10.73045305,9.049647342,8.868719512,9.482973483,8.592609875,8.983770054,8.554831443,8.841595378,8.724799227,8.588846039,8.514628117,9.989321171,9.654744719,11.01681563,10.05947603,10.05685075,8.788581209,10.0122277,9.980502714,9.789007405,9.904039367,12.70135564,11.04557444,10.71320595,10.67069318,10.56534974,10.74290948,10.74364395,10.83565917,10.79102116,10.82776043,8.286892875,8.887440574,9.387337861,8.931047413,8.742786392,9.562173443,9.1641585,8.941663299,8.97895241,8.835920875,10.4184392,9.450172518,10.29764815,9.710380809,9.670525621,10.09670184,9.27627037,9.950090629,9.922514504,10.02348148,8.947507601,9.075261707,9.360208535,9.048047643,9.535048693,9.492498556,9.642628809,9.078361969,9.088586749,9.360753367,9.813968418,10.08770559,9.544271444,9.946269963,10.45566004,10.79098749,10.1078142,10.03294575,10.3037501,10.72366052,9.69848562,9.333552911,8.442941408,9.171835882,9.049055007,9.378888879,9.305514347,9.612058875,9.235224381,8.999826887,9.001605597,9.752901586,10.35365834,9.802131298,9.830415098,9.74087377,9.687487734,9.991356512,9.947911409,9.207331759
P19957,13.41962223,13.47495811,13.60994422,13.56572542,13.5536726,13.45506679,13.39441358,13.3167188,13.66269913,13.34228254,13.6083019,14.07730463,13.88099829,14.14451004,13.95406789,15.15191259,14.16722541,13.9794412,14.23329598,14.06168398,12.21079832,13.32987545,13.44745097,13.15494125,13.52640768,12.70875997,13.34478975,13.22458799,13.24278043,12.67225114,14.50436437,14.22309538,13.57836681,14.04689252,14.1100364,13.58984282,13.93100985,14.52100687,14.22169965,14.44452008,14.90029239,13.90037952,14.29385956,13.96295414,13.62448058,13.89238657,13.79792776,13.8638005,13.79479181,13.97670796,13.1423069,13.79935306,12.734445,13.85081452,13.48390779,14.26762287,13.67818935,13.30985553,13.60776147,13.90517489,13.82260415,13.99042902,14.54712938,13.87635276,14.01742757,13.48118575,14.20697773,13.86267171,14.16385507,14.17231611,14.93610507,13.76642455,13.39178866,13.84577276,13.74597231,13.71152013,13.84828264,13.81641974,13.72847229,13.98914966,13.69519659,13.57441797,13.78677773,13.49808041,13.38687164,13.90639116,13.40240443,13.21541299,13.39812506,13.38280283,14.83398631,13.55439669,13.85068898,13.75191963,13.78612168,14.22929781,13.70261277,13.39122398,13.52867483,14.27606608,14.46453826,14.48302434,12.06883439,14.55898369,14.49168244,13.10672006,14.51049419,14.58154272,14.22310522,14.65222404,13.20851739,14.0843437,14.75207152,13.92393644,14.15147994,13.09587443,14.61918413,14.45523889,14.1837086,13.94716558,14.53824399,14.51550673,14.62222251,14.26570627,14.08440952,15.1772897,13.9706977,14.59265303,14.48574454,14.22036779,13.58005047,13.29472157,13.44109279,13.50903617,13.58637051,13.20772783,13.45710682,13.76242519,13.41160414,13.38479293,14.68783995,14.02458176,13.75277636,14.28749813,14.18060402,14.75996867,14.20509681,13.68864921,14.1889425,13.61122658,15.77935161,14.90514415,16.34088275,14.90324478,15.07533359,15.24299796,15.06442639,15.33950123,15.09865848,14.75586087,11.99241841,13.74168006,13.12577713,13.73090608,13.3963536,13.85618106,13.60292401,13.57302662,13.58347956,12.95013718,13.96116459,14.13916876,13.59026834,13.66384781,13.69816036,14.500875,13.45568503,14.01856841,13.81089143,13.7862339,15.10660067,14.44897075,15.67704201,14.56707652,14.87645827,14.07434061,14.78101845,13.94570042,14.45293018,14.66424588,13.40516816,14.39235352,14.10638402,14.56907504,14.31806521,14.31604885,14.27946061,14.93009714,14.42659037,14.44260997,13.55094423,13.90006053,14.95879512,14.09374027,13.85573477,12.78100228,14.17606026,14.01354966,13.91413916,13.44062435,13.69019298,14.44536576,12.85122165,14.08767951,14.33655329,13.61603128,14.25353005,14.44856776,14.29294866,14.63519611
O60469,10.86988825,11.22587546,12.31295156,11.17236478,11.33823054,11.91570881,11.34857682,10.97821534,11.22311485,11.81695262,11.97281133,11.19206736,11.22100617,11.22207553,11.14067534,12.08477838,10.89643039,11.58694842,11.49787217,11.17279515,11.37579338,11.59681847,12.03215635,11.94744008,11.77055022,11.32135998,11.48051925,11.69282636,11.68512903,11.44004994,11.57094669,11.77270001,12.38306738,11.83429452,12.09915998,12.0787778,11.93389312,12.27533172,11.76536856,11.74371224,10.4187766,11.98087138,10.89048329,11.66140792,11.77228317,12.47098103,11.39971262,11.90375567,11.63132675,11.98461497,11.47510008,11.32768235,10.94178518,11.20609998,11.25126938,11.20179491,11.01967901,11.2057343,11.35454469,12.31876489,10.07179541,11.18884376,10.96544275,11.39435738,11.35437962,10.68946362,11.34731266,11.308694,11.11161763,11.77512272,12.19529987,11.19589641,10.78217405,11.47417562,11.20434381,10.50360723,11.30186591,11.49230552,11.4697924,11.35888445,11.50235165,11.13407547,11.35933932,11.12730139,11.27106717,11.17949463,10.84931978,11.20278134,11.25964462,11.340403,13.17066673,11.31457501,10.92480852,10.89132596,11.2036024,11.36787273,11.40448702,11.29495398,11.20366117,11.53756444,11.73603643,11.40816334,11.42805282,11.39259701,11.55806978,10.95468353,11.37855026,11.63985218,11.52370086,11.23258266,11.85756167,12.06327368,11.96225936,11.89664389,12.01248584,10.93257438,11.88902055,12.46360168,11.95718011,12.32780127,13.62596533,11.30631191,11.06481434,11.27111462,11.09113104,12.09880199,11.24072565,11.39422199,11.36153456,11.35445853,10.71568333,11.45549956,10.64221693,11.50491405,11.154789,11.09748781,11.08539566,11.16506559,11.24620438,11.14326705,11.61294946,11.48568385,10.86966569,11.47577845,11.29454686,12.79746977,11.58211712,11.42139245,11.41636233,11.44668493,10.34999551,11.4304782,11.26312909,11.15753095,11.40823182,11.6320798,11.86564578,11.74479125,11.48563561,11.36590825,11.74494933,11.59832036,11.70915849,11.32393585,11.64937597,10.72714093,11.30080972,11.2969186,11.61421771,11.08015543,12.55083919,11.71781023,11.99379047,11.14338091,11.42340022,11.78443425,10.92211389,12.00281805,11.4359123,11.4937607,9.447921361,11.19203631,12.05072443,11.43911584,11.10887146,11.41267755,11.0224757,11.19549144,11.32151613,11.15386392,12.35232079,11.54201348,11.18078931,11.33312271,11.32284913,11.10201654,11.45289484,11.81596119,11.65951325,11.45863584,11.35570347,11.34135273,12.25210205,11.67674911,11.28070147,11.9371382,11.65104202,11.51268056,11.33201729,11.5339896,11.87511852,11.4374966,11.85087435,11.15002734,11.52636851,11.58436271,11.27389641,11.40112315,11.33687093,11.75021054
P05156,14.48892309,15.81083417,16.14055701,15.53341183,16.08667852,16.45794741,15.50063923,15.79598275,15.9696612,15.57316456,16.11670892,16.1271528,17.09950496,16.11268751,16.12957992,16.0309864,15.62615268,16.30284401,16.04856997,16.12739752,15.24465979,15.74342893,14.67394485,15.77725246,16.13793533,15.96827402,15.79691238,15.31814349,15.80448715,15.70528304,16.16790029,16.14408342,16.83944435,16.33429989,16.21483982,15.62403294,15.2483781,16.02015509,16.03515484,16.4234962,16.61359967,16.13916608,15.87025557,15.95611009,15.81058015,15.92859857,16.06268465,16.24521358,15.81430199,16.47740169,15.28153107,15.9214932,17.34759591,16.05391987,15.81997632,16.20507818,15.69716765,16.00043425,16.05403192,15.97035517,14.76923609,15.80168215,14.73705275,15.50601434,15.41778367,15.9414564,15.77788952,15.84782009,15.657466,15.49666572,15.32129683,16.06855084,15.72242264,16.05742915,16.03020714,17.86129134,15.95238006,16.14295055,16.14820933,15.21577043,17.23935653,15.96800351,16.44818329,15.81757593,16.09629682,15.15314443,15.78766831,16.48304662,15.95505876,15.72248503,16.41062152,15.84355134,16.07952736,15.41869202,15.8632323,16.4194164,15.6390001,15.45932748,15.92584412,15.81051611,16.79916858,16.17499871,14.49028612,16.19447823,15.92437793,15.21059055,15.88520082,15.97845818,15.98483517,15.72360342,16.48279008,15.70077877,15.82637441,15.83172671,15.73306776,16.09207322,15.11521004,15.47029834,15.58059464,16.01030092,17.35618883,15.66218724,15.27832731,16.19706256,16.07016823,16.39297144,16.42624927,15.75656053,15.89144336,16.16375178,14.81089103,15.81046178,16.4439789,15.82904424,15.48758345,15.10273,15.97790277,15.7880144,15.85573071,15.94543703,15.58727554,15.69013361,15.49672345,15.44512022,15.66329729,16.43920022,15.20608734,15.38793353,15.6412886,16.08940329,15.83954155,16.05308477,16.20000402,15.83451953,15.8146714,15.11241825,15.83651236,15.75086681,16.05987999,15.51911638,16.04719039,15.8081523,16.97300382,15.30730216,15.73581814,16.23919196,15.8957017,15.69853742,15.82312154,15.59631536,16.30877274,15.90774831,15.39371791,16.3017256,15.87902516,15.54593975,15.97144533,15.95596591,15.93036355,15.70210866,16.99033089,16.28257948,16.06839432,15.75498598,16.10932095,15.58690513,16.15097667,16.16937104,16.12442341,16.41225752,15.16684142,16.21601572,15.73092108,16.31186312,15.89326541,15.24920918,16.04628006,16.24205982,15.90501047,16.18840203,15.97239312,15.98436856,15.80416616,15.74546529,15.428642,15.12635726,15.93300711,16.12904241,15.98830268,16.32294413,16.47312648,15.89365682,16.17442864,15.73583965,15.8710422,16.7024851,15.93470443,16.16610532,16.03662709,16.27701467
P19320,14.38186347,13.88896892,14.85891112,13.9445982,14.19071274,14.70310482,14.35586418,13.9913732,14.15731273,14.40484641,13.38964754,14.35970432,14.29671149,14.33050505,14.35000826,15.89175214,14.59124093,14.21127339,14.38793959,14.30828949,14.0865494,13.6399165,13.76492486,13.96890748,13.8290171,13.21283723,14.00397081,13.85643104,13.98531833,14.00887905,14.53450735,15.00984069,14.24704928,15.48317925,15.30708049,15.16026816,15.64846332,15.00136175,15.25548983,15.07389955,15.76449091,14.95442279,14.0044765,14.97209483,14.81165843,14.63591781,14.74824219,15.13432464,14.80867405,15.23458589,14.60594511,14.05389337,14.19991053,14.04710767,14.24523098,13.52725583,13.71077861,14.19437504,14.14155041,14.35978335,15.5603832,14.51877086,15.44313951,14.21818208,14.31197049,14.52636585,14.54490867,14.25163014,14.4459853,14.23866668,15.05229899,14.24414193,14.70038414,14.05384909,14.11374064,14.34609605,14.29263327,13.7441712,14.09389849,13.89975452,12.93221801,14.15241156,12.6577108,14.03204301,14.39487273,14.02063422,14.32768146,13.94634097,14.17605425,13.84970508,14.90320501,14.09813849,15.0629011,13.96262468,14.19827498,13.91704536,13.87747574,13.97651497,14.07973525,13.92632523,15.00403077,15.31127568,14.85576251,15.33072799,14.83323559,15.57871906,14.62021129,15.51047739,15.0628928,15.05954784,13.88919478,14.68633004,14.3444661,15.02089924,14.52298321,15.54666001,15.26665777,14.61319441,14.74969887,15.04808572,14.48041593,14.92982393,14.08038486,14.64493147,15.06573383,14.12791326,14.76520533,15.19503192,14.67997232,14.2285104,14.21425141,14.57335867,13.57472081,14.3586911,14.35512065,13.45971534,14.06247891,14.43868986,14.50916034,14.44676496,14.47514824,14.29447192,14.48155874,14.39600383,14.27124238,14.43315723,14.41855552,13.76241709,14.35686672,14.61471591,14.42153713,14.91819642,14.25434531,14.81834675,14.67264242,14.13731056,15.13488054,14.86390235,14.87112814,14.30733998,15.00506785,14.6905413,15.13243416,15.32968597,15.04766858,14.40260465,14.7096749,14.64669159,14.7805887,15.25479356,14.37420038,14.37419225,14.17907686,14.29937133,14.59145107,14.82107477,14.6080151,14.15183738,14.38164445,14.21059394,14.34259445,13.72398787,14.41560838,13.89238412,14.06332289,13.64604051,13.86122074,14.04474468,13.89556664,13.91064683,15.49553777,15.40102274,16.39576842,15.65482922,15.2481965,14.96796036,15.54859924,15.4858072,15.4703269,15.04246597,14.79106135,14.48806075,14.55850982,14.43672117,13.98595807,13.53276254,14.37002566,14.73970617,14.34770212,14.19148775,15.33576713,14.70185921,14.99516504,14.5045506,14.26599946,14.21616098,14.41324781,14.3366689,14.41952928,14.25478625
O00182,11.89724369,11.78960809,10.99384839,11.68329815,11.79008586,10.85404525,11.45902788,11.62268129,11.53796464,11.68094322,11.03472505,11.77037809,13.17294228,11.67324323,12.01012689,9.772322657,12.15421573,11.80327456,11.84291539,11.57214409,11.33932028,11.85716022,11.7093767,11.9644957,11.83984007,12.22041873,11.92325857,11.53041297,11.8496597,11.87589246,12.04304117,12.08799289,12.93668871,11.8647744,12.39910729,11.59315096,12.26545103,11.81295312,12.10272674,12.39344884,11.35917998,11.88117868,12.95330452,11.82597426,12.00654104,11.79386581,11.94968539,12.24874035,11.93745242,12.53072005,10.90254482,12.06972866,10.93468608,11.9985758,11.76159247,11.64101059,11.49356841,12.03906703,11.75906664,12.29663916,12.92322617,11.8707852,11.18974759,11.50634745,11.5380497,11.47717991,11.67935836,11.4634499,11.6855581,11.31890715,11.16921051,11.93400991,12.49402296,11.78875948,12.15307267,11.64637613,11.69035558,11.75987598,11.9843186,11.97192438,11.48559237,11.31165427,10.62869701,11.69598969,11.46603933,11.94100398,11.52137694,11.73189218,11.43969883,11.45806063,11.37887453,11.69403637,11.86646144,11.72958079,11.6739198,10.94007196,11.65036339,11.63705738,11.58192621,11.80598373,11.99393721,11.41986011,10.96700692,11.45498819,11.80069036,11.48846757,11.56907186,11.21110918,11.61791696,11.86921635,12.66216399,11.58239064,10.58259702,12.28387927,11.91242833,11.76149793,11.44146113,11.60370054,11.57171317,10.98749655,14.54502054,12.8218745,10.93317581,12.72408599,12.70298779,12.89700658,13.04843159,12.46056704,12.50279698,12.25596795,11.45253791,11.47802869,11.7461171,11.45668515,11.63508382,12.02869284,11.59346318,11.94275482,11.56098221,11.73322146,10.69796446,11.51447828,11.82236869,11.40729878,11.5966182,11.63657891,11.80806885,10.82224678,11.48704054,11.99057149,14.30895903,12.10489289,12.72303192,11.97792433,12.09924085,11.90112835,12.01157668,12.46641909,12.18605499,11.97444951,12.67713507,11.90078131,11.8213544,12.19835027,11.7226938,12.06899071,11.59665864,11.53863405,11.75853902,12.01492329,10.65211441,12.07641702,12.3967058,11.73778358,11.88867823,11.8184542,11.93856873,11.96676735,12.15930548,11.46681108,11.92180514,12.01134478,12.2439128,12.23510397,12.07274581,11.99286613,11.9817064,12.11550024,12.04660715,12.35181702,12.0693792,11.66329482,11.41196972,11.88077569,11.68512332,12.47506346,11.76750529,11.71503029,11.87006913,12.08983888,13.67578877,12.1410261,12.77844173,12.5762444,12.23413453,9.516966894,12.32116559,11.53377963,12.1945943,12.31849117,11.07083154,11.72908845,12.89220259,12.04155689,11.9448638,10.87644651,11.25745712,11.88820924,11.70268877,12.00745101
P55773,12.61768709,11.96659102,12.20327588,12.29277125,12.20932105,11.76516953,11.4683656,12.33848895,12.06665597,12.20691217,12.66758254,12.32420719,10.96871422,12.60862081,12.60113058,11.99440194,12.53119526,12.15564815,12.55362554,12.50658048,11.60133248,11.67899885,11.77085274,11.49003013,11.91672967,12.04110475,11.93409386,11.74956854,11.81758721,11.43365989,13.80044226,12.60277478,11.3595472,12.32832836,12.51136659,11.35279023,12.65600816,12.30054337,12.5334733,12.7425091,13.10145793,12.47836071,11.75194704,12.61839203,12.52052858,12.84290694,12.46374708,12.68045186,12.50176445,12.39942281,11.70609608,11.89752407,12.01808376,12.10799535,11.91456359,12.12843075,11.88089822,11.89890026,12.00433869,11.4475209,12.38123517,12.29984044,12.61268511,12.29299281,12.15949943,12.18071986,12.33391645,12.36575233,12.26685768,12.0093655,14.52639103,12.5800322,13.7261047,12.81551464,12.32561271,13.50118885,12.87660896,12.67267682,12.59647583,12.63743478,12.69102313,12.21095007,11.50431158,12.14634899,12.15241463,12.98598628,12.35021086,12.71180385,12.49438463,12.2965782,12.18269311,11.98771508,12.71454075,11.1851901,11.69979707,11.92209529,12.02018331,12.12284135,12.03850301,11.60709453,12.54951068,12.51632863,12.68949093,12.13174215,12.34141195,12.53530191,12.80659087,12.18060992,12.32890765,12.58013964,11.81357434,12.65855758,12.77048722,12.31297842,12.5512512,11.89722134,12.34464826,12.61804008,12.71734086,12.59656333,13.41674645,12.87463846,13.03425468,13.10052224,12.9945633,13.07147759,13.05143155,12.81797869,13.20195161,12.77452784,12.41372938,12.29175875,11.95080706,12.2664762,12.51085992,12.46734948,12.38510258,12.18113714,12.28901543,12.73321472,12.25680832,12.22597801,12.06587353,12.34994439,12.08584319,12.54496477,12.44802971,12.6036112,12.34042292,12.76285636,13.05466857,13.3854932,12.90686473,13.36904269,13.06648711,12.54838471,12.97698714,13.46684751,12.99973067,12.77584146,12.9420473,11.78499922,11.29540784,11.81552554,11.85151588,12.71862368,11.75289214,12.28252702,11.82282616,11.88333788,11.8227057,12.38335823,11.59184712,12.34030846,12.71485853,11.6604664,12.3999178,12.03782974,12.37289441,12.61183081,12.04835742,12.46475926,12.35959985,12.41165556,12.68796643,12.16096907,12.12402272,12.50934762,12.53537672,12.50900953,12.94013936,12.68047295,12.53167754,12.40091258,12.60956208,13.01654281,12.74794152,12.90594044,12.56583794,12.16766187,12.74634012,12.42453456,14.13247275,12.21660193,12.65173401,13.41405286,12.45428866,12.46109695,12.22409349,12.16409008,14.04044991,12.58102298,13.65488229,12.44215813,12.82090576,11.44421664,12.64800309,12.17471336,12.45410892,11.98980955
P18428,14.63953737,16.30018747,15.61903171,16.60390477,16.22925471,16.46598985,15.99265134,16.12113053,16.20004828,15.78362584,16.56780999,16.48571704,16.3514466,16.74932857,16.51876773,15.72348566,16.36153005,16.29431203,16.51305336,16.83939746,17.12496378,15.81928751,17.04624009,15.95197117,15.87529569,16.02419073,15.68705565,15.86343462,15.97719383,16.38801432,16.44370793,16.59203741,16.60002767,16.21087209,16.47738551,16.16389795,16.69573127,16.35259455,16.47739193,16.52881766,17.32151412,16.57001699,15.97175521,16.66481116,16.32643513,15.72669696,16.53420271,16.67522956,16.48900796,16.01696512,16.45430641,16.52373447,15.66298134,16.55659785,16.00070645,16.40812784,16.28132638,16.73432934,16.35652208,16.17775992,15.00570244,16.20180011,16.77701216,16.57615926,16.23389545,16.45474268,16.59638648,16.16400206,16.51579655,16.22738204,16.5787391,16.57417184,16.60590005,16.17518385,16.72594703,17.31659468,16.99806824,16.55728251,16.62883228,17.03096455,17.19370666,16.6324003,16.3646057,16.35297568,16.5313145,17.2148825,16.47305091,16.58120634,16.61066904,16.36218621,16.7750787,16.11080892,15.8622024,16.24675624,15.70324526,16.6920214,15.92921182,16.16849034,15.99723946,15.83501561,16.71294653,16.59177557,17.5751205,16.39685798,16.3947976,15.50914458,16.56442683,16.20656638,16.64856691,17.28606711,15.48353581,16.02452872,15.33064546,16.28520879,16.35833613,15.83435706,16.43109866,15.99441711,16.10274918,16.30968211,17.39898434,16.83425955,16.51826555,16.85645212,17.15236226,17.7824936,16.59240896,16.58652414,16.75953679,16.99707426,14.96821532,16.15124112,15.72657829,16.21847668,15.94087596,16.47641496,16.1808406,16.30588583,16.05728495,16.42948107,15.13382213,16.56981118,16.38420785,16.33121714,16.41071214,15.93683874,16.20239316,16.36797254,16.41846912,16.90795684,16.67353514,16.55339752,16.6254773,16.55498786,16.89342242,16.65385257,16.56351606,16.95604977,16.75730532,16.48718726,15.99690854,16.45693216,16.52709186,16.50222105,16.44279738,16.86047599,16.67314885,16.70672569,16.60834126,16.82139644,15.64300698,16.74720537,17.86509763,16.54987277,16.45470689,16.13938309,16.29525252,16.50776397,16.42842159,16.59836234,15.24081516,16.67666753,16.00555024,16.25430593,16.69947383,16.84214625,16.65742672,16.80133142,16.55037556,16.83904719,17.45574754,16.63228714,16.15046876,16.24664075,16.72454117,16.45263516,16.52482585,16.29288903,16.44993324,16.11570457,15.18951702,16.33867863,14.34173793,16.29796414,16.20114668,16.06539719,16.09227356,16.13195757,16.09372598,16.57760994,16.99572737,16.64086538,16.83070258,16.4895662,16.48463496,16.77118125,16.65004529,16.75882882,16.64974952,16.65626849
Q9HD89,13.58717964,12.00459835,11.91946652,11.97806194,12.00255254,13.28649578,11.9941684,12.11854326,12.00724078,12.2342898,11.9964914,12.43169411,13.52693594,12.75173057,12.38734497,11.61347828,12.19073177,12.16002904,12.3817096,12.01955853,10.8445089,11.94041553,12.08411274,11.60592022,11.8655369,10.89573444,11.77610569,11.68166269,11.85020915,11.88460787,11.60723666,12.41094458,13.66814642,12.56118486,12.33079209,12.82564385,12.26772516,12.39636923,12.14495894,11.93531838,11.2922231,11.70764926,10.97602702,11.74023844,11.61038408,11.69567831,11.82259114,11.96641841,11.75296014,11.70780849,11.56896674,11.92262203,13.90100331,11.75739229,11.97036306,11.79262739,12.03382304,11.9445896,11.69283777,12.72163665,11.07870535,12.10924677,11.97124461,11.88681945,11.99167247,12.64090765,11.93601766,12.39716114,12.20232375,11.81898395,11.38424426,11.81547613,12.10134524,12.10154166,12.07910944,11.34395212,11.52465953,12.36399282,11.84097284,11.97762763,11.6071431,12.52882248,12.88537973,12.2067708,12.35509718,11.94479282,12.18928969,12.37262798,12.24805608,12.05529336,12.67505979,11.82289758,12.0102475,11.8376326,12.01424548,12.39475487,11.7141867,11.63405131,11.78091691,11.87893359,12.29080122,12.52891694,13.10439191,12.88813702,12.67150856,14.19324904,13.06603181,13.02794967,12.84843707,12.58956964,11.65543397,12.13743094,10.78943913,11.97406018,12.14254593,12.15275089,12.08473498,11.8212091,11.92387675,12.45783297,13.3948688,12.2544194,13.18157206,12.10013882,12.3793105,12.44825595,12.25781598,12.27737314,12.27012721,12.00099201,12.07524654,12.60797662,13.78563893,12.65824027,12.45881725,13.41065419,12.77170037,12.43700524,12.77723315,13.02707948,12.08419579,13.04407386,13.56781134,13.0343593,13.33197008,13.06642748,13.17154906,13.14571691,13.13747735,12.33969552,13.5569456,12.40238325,12.15460051,13.23556207,12.30429978,12.86633267,12.66801578,12.3962734,12.50685875,12.84939664,11.64468771,11.96451531,12.09798357,11.39103119,11.99465165,11.53367638,11.63546525,11.90333348,11.94884365,11.84323878,10.70293465,12.15661238,12.03207475,12.54251402,12.22637951,12.69485383,12.26529146,12.03003908,12.24212651,11.94949642,10.34385224,11.42929269,11.39408437,11.6774833,11.62514829,11.08628054,11.40698101,11.29459396,11.55375215,11.60689387,12.481061,11.57412373,11.96339973,11.98569254,11.6881184,12.00581096,11.74725606,11.61002668,11.539241,11.81896979,11.41637276,12.04148178,11.70869962,12.01832836,11.94231944,12.25393106,12.02122233,12.15757571,11.86533007,12.35630091,12.01509264,12.48199742,12.11001579,12.88288352,12.72995568,12.02020182,12.41228278,12.48515136,12.57443822,12.29963679
P05164,16.70561802,15.63383356,16.349393,15.29631575,15.74350039,16.64459317,15.86397093,15.94522189,15.72063398,15.39541318,16.75113771,15.83816825,15.14553796,15.79526821,15.95558309,15.90053489,16.18365035,15.97258492,15.94672356,15.997984,15.8557687,15.57702067,15.82105441,15.13484439,15.52256803,15.71556369,15.58915595,15.65263367,15.65771573,15.63220369,13.89590176,15.80312987,15.80675325,16.57399657,16.09309276,15.91845992,15.99216054,16.04400079,15.80250872,16.29478544,17.38004243,15.60763339,15.13137269,15.54219086,15.6656555,15.74551553,15.74898339,15.33834698,15.5890415,15.72871144,15.97355463,15.64142704,16.01860853,15.21641428,15.84115932,14.82753985,15.41171181,15.80781295,15.64073485,15.35195968,15.85830798,16.27596643,16.08945406,16.21331616,16.40587782,16.14739945,16.00202241,15.96540699,16.02740816,16.27730221,15.28779895,15.51879975,14.69053504,15.03302337,14.92962813,15.42036556,15.10102866,14.81770199,15.22774437,15.71564488,17.01329744,15.81369055,15.67290923,15.62224417,16.16364817,16.40830494,16.21722879,16.53535239,16.02496527,16.307375,14.89855443,15.25258851,14.65307675,15.16662152,15.36691949,15.09326197,15.43718889,15.16943322,15.35089427,15.85702978,16.06606063,16.61768196,16.74306638,16.65061152,16.82094001,16.90851828,17.0079147,16.72807341,16.73247401,16.96128095,15.98413794,16.16208196,15.90185979,16.34252164,16.16336531,15.48253684,16.56045234,15.69483963,15.96696647,16.09135962,15.41343934,16.39672369,16.18074385,16.19608142,16.45386604,16.40824332,16.48843262,16.03095121,16.33456097,16.63171115,16.46641153,16.59427388,16.63757222,16.76242056,16.37940286,16.27528145,16.7879776,16.47306742,16.47587041,16.68028675,15.36881403,16.67098616,16.89396977,16.68711718,16.92051759,16.88830741,17.16438156,17.03865986,17.04608366,16.29073626,15.58146683,15.09602229,15.75646797,15.3131712,14.86722597,15.9519032,15.17488544,15.01542428,15.22434845,14.88188554,15.06417472,15.55802328,15.62727807,16.30109719,15.56507426,14.3456813,15.50683719,15.02210458,15.72669194,15.91784377,15.96408751,15.97326949,15.69484583,15.7965543,16.07279657,16.74796557,16.03089404,15.98400759,15.72910719,16.29989015,14.97746606,14.96838115,14.52263379,15.01118349,15.04557343,14.04899347,15.49956063,15.45011449,15.01226627,15.04848282,15.55148089,15.19668537,15.80823964,14.88003039,15.44976106,15.56047843,15.21563948,15.22998403,15.27991282,15.34267502,15.37962204,15.80336708,15.04615958,15.29033709,15.67466484,15.62425295,15.89529454,15.62845736,15.90851158,15.6186838,16.61786087,16.21333337,16.30061237,16.15616672,16.22982391,16.27010319,16.01781836,16.19006659,16.21092322,16.89678287
O95150,12.32688882,11.25287574,13.12861988,11.85430714,11.42782992,11.89455643,11.14844247,11.22425613,11.49479304,11.16104489,11.22626242,11.93434242,12.03843524,11.87392731,11.88752678,11.58406569,11.82209203,11.98050343,11.97877832,12.24034551,10.37512567,11.17211588,10.84515451,11.52661185,11.35678356,11.39770485,11.35887493,11.31058632,11.18831355,11.10918703,10.75712196,11.94376269,11.24069649,12.53316381,11.80177229,11.27110194,12.15713993,11.69132692,11.90276377,11.63027695,12.25544657,11.7943814,11.98068845,12.38938615,11.99390527,12.00507152,11.51073509,11.82505931,11.96753901,11.61527839,10.85583663,11.16878053,11.80638397,11.40502137,11.57633092,12.30039549,11.26462231,11.50748972,11.55811359,10.49882763,10.92256221,11.73525664,12.1167104,11.75042277,11.27387612,10.87177054,11.05329571,11.41434189,11.49155948,12.20295697,11.69670593,11.59233705,11.2520091,11.94487385,11.62630784,11.86012826,11.76773489,11.52410267,11.63516769,11.46613845,10.11994523,11.43225601,11.79225381,10.91197938,11.33956375,11.86842174,11.34599462,11.48669986,11.29331416,11.43887035,10.2231969,11.83091267,11.94968016,11.91405912,11.42248366,10.76491996,11.36911464,11.31301046,11.62591259,11.56484854,12.38446245,11.82436413,11.19946258,11.49957541,11.53898828,11.06287589,12.07245492,11.83876674,11.6474975,10.95088612,11.03793123,11.65962837,11.68684337,11.85026302,11.68551588,12.04017164,11.58287054,11.58931062,11.89446435,11.57276129,11.64071215,13.22533489,13.93545805,13.32487911,13.04271161,13.98331779,13.26555697,13.07276864,13.04925391,12.81388081,10.59006532,11.30270057,11.49704034,11.74723788,11.24813158,11.02344876,11.33688373,11.53678426,11.52350891,11.20263888,11.60390245,11.53791039,11.58550915,11.44537907,11.40979681,11.64630744,11.67271278,11.17765752,11.54962919,11.52449616,11.08375828,11.92248379,12.27346011,11.9558341,12.33714138,11.44124253,11.86865502,11.73127168,12.09446607,11.91896021,11.46159872,11.56869574,12.42120905,12.01295355,11.24540741,11.10300243,11.87475973,11.39194616,11.66104145,12.00666781,12.08405003,11.58043363,10.92835507,11.78761165,11.7874241,12.75543569,11.60577847,11.63701023,11.80688589,11.70751115,11.94888972,11.56542447,10.82329363,11.65652984,11.61813038,11.21331223,11.59800145,11.43198571,11.75540904,12.18932011,10.49204371,12.09339439,11.43870175,11.96364271,11.80561643,11.43213408,11.76885877,12.10011203,12.13732394,12.23533808,10.02788133,11.48574902,11.10502926,11.73065758,11.76925133,11.60893798,11.45190277,11.83902277,11.60721174,11.82801022,10.84073415,11.77004393,11.9013365,11.88177247,11.64125885,12.07724244,11.83048589,11.92355657,11.60544709,11.83996308
P02794,12.55880388,13.09420129,12.078886,12.80650141,13.09135048,12.64981926,12.84719202,13.16137076,13.00054769,12.75219275,13.87765081,13.90817047,14.20294263,13.84804154,13.80364692,14.32606996,13.73233767,13.68662016,13.75839613,13.62166596,12.32391584,12.82000749,13.61378973,12.88302244,12.95910148,12.82122771,12.6025666,12.99518549,12.94051494,12.88948723,13.31963675,12.78962697,12.63021263,12.93486095,12.98327462,12.89970824,13.21469509,12.86649121,13.14268665,13.00616472,13.32564285,13.08469674,12.8876599,13.22146315,13.03667049,13.73323186,12.84881104,13.01281197,13.26480036,13.36002805,12.59016829,12.50741845,13.23086741,12.95744585,12.55050067,13.59271888,12.88195425,12.59627853,12.71310583,12.78433184,14.92207467,13.76292444,13.98025471,13.92987634,14.09955688,13.51074965,13.74692384,14.02308976,13.90946048,13.38008052,13.91048817,12.96097287,13.25195425,12.77565493,12.96906594,12.76516237,13.11936976,13.10608377,12.95027165,13.61684182,12.85164885,13.07380757,13.56963581,13.01818894,13.44090705,13.38263893,13.31051187,12.64781878,13.05739977,13.5519387,12.35726537,12.87229849,13.27184598,12.99954358,12.99577929,12.60695876,13.23688072,13.22585142,12.71729766,12.5495335,14.81178019,14.64828774,14.72090352,14.00410873,14.44602123,13.45862624,14.58455653,14.59404571,14.4125978,13.8320477,14.6762953,14.80504622,14.09721141,14.53369009,14.87735671,14.37936017,15.0740055,15.04390294,15.06702894,15.04200401,15.85991698,14.68425997,15.23667822,14.79733029,14.77845264,14.50734468,14.73700072,14.36767998,14.6856127,14.65293682,12.40256643,13.03303898,13.32748419,13.00607808,12.83895169,12.05414355,12.75686703,13.05051097,12.8736921,12.95239311,13.22041896,13.1825809,13.38860633,13.08781186,13.25808971,12.89374236,13.39252909,13.47695533,13.34842642,12.77261252,14.05553622,14.85048565,14.44381681,14.81777213,14.55234963,14.49153488,14.39389375,14.72755633,14.72408293,14.77408371,13.3443743,12.71286743,12.56665248,12.59134537,12.73836326,11.46465899,12.91192872,12.48935472,12.74007577,12.96970484,13.88537603,14.00080209,15.14237576,13.78962918,14.11263577,12.49784341,13.88700417,14.32213511,14.00678515,13.6636965,14.23335608,14.73036835,15.4330562,14.80376622,14.51040203,15.23485863,14.58670964,14.34986364,14.67422132,14.94574466,14.47988272,14.65399003,15.31251226,14.44382669,14.29611143,13.41513312,14.48761153,14.48803849,14.66049049,14.62357302,13.95481932,13.64372962,12.12358186,13.53385921,13.82431319,13.29364858,13.70375842,14.0509548,13.64093358,13.67299866,14.10215316,14.17435113,15.96212764,14.28377469,14.15415101,14.00410157,14.02146304,13.62585103,14.28776905,14.11536226
P00750,9.512405157,9.754870089,9.015087422,9.752987039,9.922822601,9.781024604,9.256702603,9.8470514,9.925198203,9.187728172,10.65049452,10.42400971,10.44378276,10.37578982,10.30159553,11.19340698,10.2156016,10.45422189,10.03227565,10.33385004,10.18941992,9.618729178,10.03894813,9.660852735,9.840341411,9.792665241,9.982526112,9.470704476,9.847495741,10.65310307,10.38010204,10.14948169,9.810162398,9.961208813,10.25909384,10.73519832,10.27016544,9.847273858,10.21687593,10.13543022,10.22661167,10.3448925,10.63839138,10.15359327,10.1210756,9.922030757,10.0658331,9.646735674,10.21655994,10.24421783,9.668752988,9.852169223,10.58956716,9.812270813,9.825529037,10.06095521,9.859100437,10.37199325,9.679392448,10.18917275,9.060340952,10.21675842,10.3110334,10.39461318,10.31465221,9.925897138,10.30900177,10.37744576,10.21077571,10.49027426,9.280391064,9.707177683,8.612815287,9.950157627,9.591295131,8.823201367,9.605294735,9.91957608,9.627958109,9.473344976,9.717675222,9.770506445,9.341970127,9.727185455,9.494664973,9.359994308,9.327020343,9.827912365,9.655147442,9.987264577,10.29783179,10.04469799,10.43849693,10.27691607,10.1177199,10.35806526,10.06278561,10.32684515,10.13371486,10.53024962,10.51219964,9.750014954,10.5936193,9.868284211,10.06319171,11.92583552,9.975849045,9.626345685,10.03671555,10.93047232,12.33372557,9.998035701,9.089203977,9.746428293,10.58839476,10.19990218,10.25190371,10.06574152,10.07740101,10.32630045,11.01871796,10.13112743,9.927780947,10.17838107,10.2248412,10.19208542,10.25194717,10.20654601,10.2903777,9.595787262,11.59191765,9.96684986,10.03710256,10.17460978,9.955496049,9.750683095,10.0488114,10.07026996,10.14458069,10.30185687,9.111436092,10.06446078,9.522192043,10.12419891,10.59357378,9.992289363,10.24256336,9.750610851,10.11577452,10.12530266,9.458381685,9.657829873,9.668443148,10.08930894,9.506228407,9.063130956,9.798695838,9.724451787,9.778311212,9.4638357,11.40234715,9.87808361,10.39012876,10.01150997,10.14314834,10.09592479,10.36073082,9.697565071,10.17781476,9.746560936,9.5643479,9.942350871,11.5795748,10.33637373,9.968011383,9.819857403,10.20668867,10.50341625,10.08374004,10.724467,11.24168458,10.38121831,10.26689976,10.40917542,10.20995959,11.10111024,10.11343806,10.19371517,10.41755086,10.33143279,9.157517565,9.777497616,9.742702364,9.960876504,9.866886502,9.442308198,9.828945088,9.678340645,9.913920908,8.956664242,10.34300295,9.822621472,9.024652391,9.958313454,9.981336186,10.03040011,10.09820878,9.633299895,10.01444721,9.749548408,10.45090255,9.923263415,10.89989625,9.776546661,9.99955694,10.21660516,10.03160382,10.08482215,9.990439712,9.757376778
P07478,11.93373939,11.63477266,10.82562024,11.44860619,11.60741205,11.76130968,11.55040749,11.63957633,11.70945897,12.07243493,12.76502728,12.41873049,11.13169757,12.44100446,12.61493225,10.39855725,12.34296009,12.90041149,12.37438973,12.38981599,10.84533116,11.20594812,8.691681391,10.76303657,11.34624064,11.52557696,11.14197743,11.48282802,11.18508012,11.31517443,12.72369199,12.39859414,11.1714748,12.48482395,12.51289455,12.12276992,12.24388224,12.42823945,12.23411436,12.34501746,11.22543448,11.88320232,11.35751235,11.82885014,11.86676225,10.97716583,11.44370823,11.32114374,11.63159733,11.50762464,10.60223956,11.54027902,12.06336808,11.23720244,11.70640872,11.46542776,11.3130355,11.45888659,11.3339816,11.13519754,11.51280865,12.03113009,11.57679205,12.26310958,12.00316908,12.66186164,12.07423635,12.41389415,12.08943821,11.73309032,12.08708474,12.09948064,13.4654146,12.09396939,11.84778146,12.33353106,12.16738962,11.55744782,12.14164978,12.11060788,11.05194028,11.98086178,11.9513511,11.79755769,11.93969978,11.28037891,11.85485562,12.29598443,11.89195848,12.12959738,12.9811094,11.8449636,12.52011774,12.2596455,11.83681842,12.30292064,11.92890001,11.65552068,11.83848727,12.88308568,13.3808891,11.95549922,11.8323714,12.35844132,11.94855252,11.40085135,12.16919272,11.8889803,12.1051937,11.84551358,10.75409208,11.91793764,11.21367587,11.59132439,11.68037062,11.52306816,11.4290012,11.72294327,11.64143387,11.48570246,12.52780314,12.71788332,12.74542968,12.31897289,12.91386526,12.73938995,12.57846866,12.43509761,12.70566039,12.54055979,11.26902189,11.31248784,13.67786621,11.42675664,11.25574274,10.93648659,11.45592528,11.05104034,11.43433735,11.75019099,11.71247086,11.34042886,12.42413209,10.83039778,11.7409873,11.0120205,11.47989719,11.31048937,11.52386277,11.3860106,13.14460705,12.67432103,12.24776731,12.60393812,12.47084132,12.4529117,12.48298035,13.33503257,12.75232643,12.76137697,10.69972889,10.99511915,11.63521408,11.17523345,10.95154135,12.99343567,11.03654676,11.02936432,10.87018263,10.66994188,12.25396967,11.58690562,11.90141529,11.60578459,11.73431195,11.95163322,11.5443492,11.78347381,11.6758619,11.35600853,12.90957728,11.97909539,12.27227591,11.74999262,11.62824341,12.42192495,11.64692441,11.66154864,11.96010612,12.10842346,12.6418849,12.16857459,12.7392135,12.26830586,12.15111964,12.72031668,12.17161462,12.69983301,12.30961504,11.90051642,11.79647002,11.90519308,11.54045652,11.96286622,11.80052127,11.73068603,11.9907114,11.82180857,11.89197295,12.00123697,11.79157885,12.0558313,12.90711088,12.51306208,11.90659604,13.3101041,11.920162,12.5090043,12.21539238,12.57346596
P10646,15.61527225,15.58121573,14.86352245,15.90631752,15.5889254,16.34233518,15.7399938,16.05557298,15.7415957,15.78789002,17.58134716,15.85972606,14.69743921,16.23323444,16.08456477,16.13389666,15.91442395,16.2539957,16.00067429,16.40125867,15.90057677,15.73190608,15.77426946,15.72095221,15.89032128,16.89075576,15.78142078,15.83421174,15.68901533,15.26239439,15.46757712,16.26793949,17.39990313,15.68517377,16.3355409,16.21357128,16.08850825,16.20185906,16.23489814,16.38639354,16.10556613,15.84106822,16.0587227,15.97943949,15.92281769,16.14838433,15.88498874,15.61812595,15.83044007,16.04193077,15.51286752,15.88995398,16.40128246,15.78673054,15.8237716,16.0249608,15.69709154,15.85264051,15.75723947,15.08029016,16.19137222,16.03681259,15.47250543,16.20131846,15.79075101,16.14258776,16.37879579,15.80391276,16.09113367,15.67976568,16.49504003,16.10866891,16.63618336,15.83404946,15.522305,16.53318601,15.60599911,15.91698415,15.90088644,15.65907331,16.42163565,15.67869392,15.89457629,15.44707968,15.64618035,16.123038,15.84637079,15.93592744,15.66347464,16.48232231,15.8588193,16.01059696,15.85947453,16.21927995,15.81960294,16.31972192,16.07474039,16.30105863,16.09499797,15.53334802,15.17718933,16.19357835,17.04656014,15.89972688,16.35435713,16.6323214,16.38290013,16.36105689,16.18898953,16.28925977,17.09823879,15.98663983,17.44612699,16.08578102,16.32361484,15.58755004,16.38579861,16.35605827,16.24031854,16.17868839,16.19560504,16.412111,16.46906902,16.54508403,16.82460746,15.6895942,16.09571069,16.43822245,16.56269476,16.27888264,16.56786878,15.89778122,16.41125579,16.22435922,16.09129219,15.5856763,16.08524423,16.00152026,16.01621833,16.0650303,15.88106053,16.20234821,16.15684683,15.91153211,16.37890271,16.24317384,16.1109275,16.095433,16.12974735,16.5606576,16.76562994,16.04537942,16.92715335,15.89660672,16.15524523,15.79868163,16.53730997,16.41531065,15.96865991,15.75015855,14.75366516,16.06305941,15.9893523,15.91595709,15.82949634,15.66512444,15.85163241,16.11601735,15.89487546,16.35952063,14.52905168,16.0486974,16.88603989,16.16328754,15.86217301,16.31010342,15.71630062,15.98924628,16.10889607,15.68782266,16.66845332,15.94160539,15.33388689,16.20209463,16.11610193,16.03874337,15.98451949,16.09358109,16.01554232,16.14984441,15.06131497,15.52118364,15.19848497,15.19448791,15.25883049,15.92943855,15.1152434,15.48471249,15.41213095,15.09381367,15.89698088,15.87255478,14.94189159,16.11115943,15.99380417,15.40405445,15.62323998,15.90925898,15.87544269,16.01077533,16.43794076,16.11286884,15.82223362,16.23559498,15.95576036,14.72196403,15.89202543,15.75665596,15.92756679,15.70705333
Q9UIC8,9.942853239,11.50013152,11.09614823,11.24620381,11.52823802,12.12638113,11.43092073,11.55151924,11.33245149,12.26930188,11.50094097,11.37814269,11.91417225,11.24039221,11.69025512,11.74889152,11.69245352,11.79241993,11.62649613,11.85160831,12.46002622,11.37272954,11.59894524,11.15740941,11.3715385,10.78562755,11.37563938,11.31075085,11.39332674,11.65504232,12.16184361,11.82145422,11.32498814,11.63174278,11.82161752,11.59580986,11.8934602,11.51979847,11.8210825,11.89192903,10.85722658,11.14517012,13.33771207,11.50808643,11.21428623,12.10657197,11.69594738,11.60368858,11.19929514,11.27884784,10.74061288,11.41276856,11.73447321,11.2493557,11.61239587,12.26809597,11.33406127,11.00943449,11.56725642,11.34432444,10.56898956,11.49944414,11.00542883,11.45727088,11.48721526,11.86712965,11.45542179,11.06982415,11.51061778,11.47839981,12.19246387,11.73061906,11.44829568,11.84938108,11.28239403,11.54982461,11.55346033,11.47840497,11.60041054,11.40396107,11.19013002,11.69599918,11.99759859,11.63599241,11.28494533,11.36193099,11.66801017,11.77215642,11.50415766,11.54499595,13.0730214,11.74291539,10.85886716,11.42686536,11.6818856,10.69248006,11.27314466,11.86588132,11.49925142,11.74306272,11.24570471,11.65435726,11.51198052,12.17586934,11.43252319,10.92739027,11.41986897,11.47092763,11.64439217,11.19844138,12.57100052,11.27225575,12.27342709,11.28418405,11.50051129,12.32366549,11.17126243,10.82800233,11.22306699,11.68433978,10.84247592,11.5020572,11.46972532,11.6871655,11.47518618,12.07842903,11.58655872,11.44337287,11.66417809,11.80819143,11.74798756,11.39829376,12.61796591,11.42278573,11.16529838,10.23815825,11.21612997,11.20697188,11.3917393,11.06361262,12.13538958,11.5474847,11.74952806,10.82636768,11.78708031,10.28154714,11.7571317,11.60640875,11.62700785,11.63221932,10.73215739,11.88480242,11.20058172,11.89168033,11.82101727,10.87169949,11.76266382,11.63511206,11.78435667,11.96814511,12.0047483,11.86536239,12.12579486,11.73978895,11.68927256,12.29301933,11.37142862,11.46506287,11.82747047,11.99315193,11.48281144,11.49154074,10.42409499,11.59341006,11.66677609,11.2343093,11.16972552,11.60653272,11.62936418,11.20151426,12.63272798,11.61053709,12.62911676,11.63568419,12.11768597,13.08376211,11.30582386,11.73935814,11.83200428,11.84966932,12.3387421,11.51520064,11.82518178,11.47432484,11.92019523,10.84929574,11.79101552,11.55854489,11.62864231,11.30002462,12.6929144,11.41251934,12.12351372,11.31980317,11.76805258,10.78361699,11.21513219,11.65240376,11.56772856,11.69565464,10.56471545,11.54550812,12.1407955,11.5924092,11.55621782,11.08897713,11.63572088,10.88994729,11.61225499,12.0421584
P16435,12.04727249,12.90861339,12.24726686,12.88495062,13.09334213,11.97792349,12.89516618,12.90843374,12.8266115,13.00463214,13.85512113,13.18056418,12.78036156,12.94239721,12.87973518,12.34023645,13.45400089,13.2629426,13.33996674,12.86334658,12.12475315,12.86385398,11.84229271,12.49343983,12.58346301,12.65907459,13.17145671,12.6921446,12.74974666,12.16528577,12.68135793,13.30911102,12.76281032,13.53641229,13.56336626,13.60183148,13.34360294,13.15442852,13.56220307,13.49820767,13.32436455,13.08532807,12.93207702,12.98303004,12.81448948,13.0364741,13.17878943,12.80067028,13.25281879,12.52260652,13.59660069,12.77698066,12.75557173,12.92782637,12.66134206,12.77662617,12.76152635,12.41199866,12.77613054,13.12696216,15.24297009,13.59605956,13.09889537,13.77829795,13.37077831,13.08448186,13.63597681,13.39090376,13.68018831,13.90025534,12.15754612,12.90250832,12.49598427,12.94875449,13.05990193,13.41846576,12.8470554,13.22663295,12.90285365,12.46615581,13.50562267,12.984531,13.11113281,13.05619857,12.6787349,12.14891265,13.08857639,12.74028323,12.91118729,12.59371118,13.79055665,13.20870834,14.16448553,13.40214164,13.10860749,14.45074756,13.26497974,13.62012876,13.35075363,13.17803918,14.46927982,13.04630842,12.20458747,13.0831786,12.77175158,12.77274468,12.97868263,13.1472295,13.15516491,13.25417312,13.85147635,13.63076647,13.12018102,13.31301578,13.33505551,13.09639954,13.26172136,13.72029705,13.50265599,13.03583172,14.59415542,13.82127923,13.36636284,14.07078209,13.77099563,14.17513759,14.28015915,14.56111442,13.95510198,14.24005868,12.00479739,12.34270644,12.73010126,12.64834594,12.43860198,13.76341007,12.4480044,12.31700215,12.32506637,13.19072994,12.77796284,12.97261157,14.51856873,12.39833711,12.83106061,12.99163426,12.24285274,13.21937153,12.82148423,12.06858655,13.67218841,13.33289476,11.96342026,12.90980158,12.91999248,14.1865858,12.53345677,13.72445387,13.1181289,12.7564121,11.83270118,12.90647887,13.46892402,12.87738303,13.05117917,13.38303643,12.98453677,13.2150076,12.91406071,13.3930603,14.52804144,13.76637361,11.74681071,13.39972324,13.63565118,13.18605476,13.80526901,13.74611615,13.50451394,13.44682023,12.46026373,13.56050252,14.09306913,13.50315633,13.42922029,14.45088493,13.2216362,13.14800514,13.39629827,13.16294549,13.20649613,13.65259659,14.04449066,13.62256129,13.57449748,14.73910481,13.83819335,13.4339134,13.62498512,12.88040206,12.35910787,12.97711567,12.45166843,13.01081992,13.06467057,13.51721063,13.19529317,12.76787335,12.98889591,12.54171599,13.53420225,12.9501047,12.59613568,12.91881889,13.08664108,13.30046146,13.04322731,13.04815808,12.97300565,12.83273062
P14210,10.67414689,11.49460986,10.02116953,11.52425136,11.33093853,11.54571712,11.58993173,11.31426228,11.4568366,11.21749881,9.90655145,11.51529262,10.877644,11.54687667,11.47175911,11.58926951,11.32253556,11.51960344,11.54114782,11.60429981,10.32057118,10.88981342,10.71090806,10.48945265,10.58221378,11.17594903,10.80974178,11.22752739,10.88176655,11.22106669,12.0323891,11.5697549,10.9691275,11.79882757,11.83797106,12.17022667,11.74404408,11.53269479,11.66471124,11.31147353,14.94300535,11.36474341,12.19875158,11.58103149,11.46797721,11.27648934,11.66485682,11.19266139,11.4850308,11.53630382,11.84969339,11.42352937,11.53666411,11.33359255,11.50631052,11.51406859,11.09835758,11.49267573,11.40495127,11.41195158,12.33975107,11.89411397,11.21669961,11.69972057,11.74177829,11.52580868,11.99739787,12.2751391,11.79016344,11.78510993,10.78248014,11.41821296,11.20204611,11.3886855,11.25526908,11.47378932,11.53748356,11.30215528,11.41779924,11.71387362,10.37759729,11.6530927,12.40931808,11.63433424,11.23719104,10.96424669,11.36713634,11.24521616,11.55684703,11.39903048,12.82701716,11.31422578,10.75790954,11.45349641,11.24286955,11.24449152,11.00244481,11.17655967,11.36197951,11.25067345,12.69878903,12.61189878,12.90894937,12.72041382,12.72560121,12.52853943,12.71300021,12.52114376,12.67413397,13.00671864,12.10694923,11.338953,10.33380595,11.24197873,10.97567402,11.7855921,11.23623368,11.11213257,11.14463484,10.71684745,11.42151642,12.36658911,12.08101487,12.10489756,12.15883904,11.31789362,11.85263031,11.9633099,12.12293616,12.60639266,12.62199084,11.92531369,11.40982583,11.90142429,11.88778197,10.9893572,11.71328989,11.84904967,11.87572905,11.95902927,11.68396981,11.67864242,11.40053315,11.2256239,11.24823957,11.63682346,11.18397835,11.72729359,11.5673135,11.45102936,9.777396364,11.23199359,12.007446,11.05680144,11.25600081,10.73013331,11.11162684,11.02702417,11.10164106,11.55314101,11.69804193,11.17210748,9.763343101,10.9803931,11.23544095,10.35691473,11.48215151,11.47664721,11.2704634,11.84078568,11.51173298,11.67460759,11.50758181,11.10642186,11.42934913,11.61483465,11.33221279,11.71616471,11.48744856,11.28819801,11.90919681,11.09046026,11.59513739,11.45022247,11.24748282,11.76506422,11.09597532,10.91581874,11.34217045,11.95133659,11.08213304,11.15624393,12.09054654,10.71199526,11.11447405,10.91792564,11.50735381,11.40830446,11.28737627,11.92034432,11.54976381,11.41747804,13.16747818,11.86299857,11.42319963,11.70197013,11.52265909,11.44809036,11.50824702,11.59303833,12.00877315,11.91939585,12.24577256,11.70006521,11.88323432,11.51215754,11.89864013,12.14005567,11.82556738,11.93091424
Q9UJ70,11.83488667,10.38503574,8.9869145,10.14864314,10.70054112,9.957404262,10.2302373,10.8558624,10.47036007,10.15415651,10.55504488,10.86914427,10.66890016,10.32100606,10.76213822,10.29026021,10.58924933,10.75610679,10.64720632,10.41330874,10.72462753,10.68833715,10.22483883,10.68561358,10.64756132,11.5180417,11.26141453,11.1493743,10.69151701,10.79343278,9.257430292,10.66320657,11.39022797,10.92899834,10.67721106,10.943549,10.76767394,10.77850431,10.53487413,10.8877179,10.25501915,10.95440197,11.20153588,10.9634681,10.97901254,10.91086974,10.91276041,11.06077828,10.97170273,11.40430104,11.81636009,10.17802954,10.09445977,9.9936801,10.2070296,10.72287595,10.21706732,10.35065487,10.30680092,10.5964354,10.15593422,11.01744396,11.24797623,10.92034709,10.8025052,9.967770478,10.68510359,11.42076345,10.9180281,10.78580119,10.53267066,10.48482172,9.627394654,10.57732466,10.21869306,10.98234395,10.37422668,10.48106791,10.24364446,10.33478375,12.05753147,11.05215716,12.20940461,10.63672863,10.83550772,9.951185525,10.72565763,10.96319696,11.01217791,10.82909862,10.3137349,10.7472411,10.21272373,10.91596897,10.7858548,10.63604556,10.66449478,10.5573165,10.75229763,11.19981806,11.013161,10.40553539,9.604222222,10.84283245,10.86687406,9.519206209,10.55716913,10.40505798,10.3822463,10.33235548,10.9777307,10.85112156,9.706074433,10.52884296,10.72129316,11.05619755,10.82042635,10.59694806,10.88037844,10.52727202,10.60465935,11.1672974,10.25507262,11.25258571,11.55757249,11.62434947,11.41841818,11.23292659,11.30453536,11.02222846,9.574516937,10.69235727,11.0665384,10.40625119,10.68376443,9.985501711,10.34938979,10.70182264,10.55260161,10.54262102,11.82216728,11.53299484,11.75148203,11.24520225,11.35326732,11.53114932,11.29163904,11.38959372,11.40352558,11.27722254,10.59379157,10.05525264,10.53086397,10.46863867,9.962640532,10.05773462,9.935765892,10.03632913,10.12208501,11.12032385,12.6293618,10.72257144,10.88014813,10.97884944,11.01504164,10.69463267,10.46032174,11.08472904,11.02435349,10.65672706,11.09043811,10.73380876,9.590658561,11.01287513,10.89727506,10.24190087,11.30935514,10.88380889,10.82967854,10.82967238,10.94946552,10.09106004,9.840193538,10.0448096,10.05837534,9.616670479,10.00969511,10.07635344,9.952910214,10.25012547,10.45803848,10.99888773,10.68856305,11.07312623,10.78306178,11.45583828,11.06598336,11.02985202,10.88705864,10.90098339,11.28326261,10.36592704,11.0493684,10.17245147,10.31845427,11.66681284,11.11901813,10.44827619,10.48136982,10.82677191,11.73887924,10.77621324,9.241664553,10.58088777,10.71181949,10.92288367,10.67393755,10.72416859,10.58085667,10.63790037
Group,Group1,Group1,Group1,Group1,Group1,Group1,Group1,Group1,Group1,Group1,Group2,Group2,Group2,Group2,Group2,Group2,Group2,Group2,Group2,Group2,Group3,Group3,Group3,Group3,Group3,Group3,Group3,Group3,Group3,Group3,Group4,Group4,Group4,Group4,Group4,Group4,Group4,Group4,Group4,Group4,Group5,Group5,Group5,Group5,Group5,Group5,Group5,Group5,Group5,Group5,Group6,Group6,Group6,Group6,Group6,Group6,Group6,Group6,Group6,Group6,Group7,Group7,Group7,Group7,Group7,Group7,Group7,Group7,Group7,Group7,Group8,Group8,Group8,Group8,Group8,Group8,Group8,Group8,Group8,Group8,Group9,Group9,Group9,Group9,Group9,Group9,Group9,Group9,Group9,Group9,Group10,Group10,Group10,Group10,Group10,Group10,Group10,Group10,Group10,Group10,Group11,Group11,Group11,Group11,Group11,Group11,Group11,Group11,Group11,Group11,Group12,Group12,Group12,Group12,Group12,Group12,Group12,Group12,Group12,Group12,Group13,Group13,Group13,Group13,Group13,Group13,Group13,Group13,Group13,Group13,Group14,Group14,Group14,Group14,Group14,Group14,Group14,Group14,Group14,Group14,Group15,Group15,Group15,Group15,Group15,Group15,Group15,Group15,Group15,Group15,Group16,Group16,Group16,Group16,Group16,Group16,Group16,Group16,Group16,Group16,Group17,Group17,Group17,Group17,Group17,Group17,Group17,Group17,Group17,Group17,Group18,Group18,Group18,Group18,Group18,Group18,Group18,Group18,Group18,Group18,Group19,Group19,Group19,Group19,Group19,Group19,Group19,Group19,Group19,Group19,Group20,Group20,Group20,Group20,Group20,Group20,Group20,Group20,Group20,Group20,Group21,Group21,Group21,Group21,Group21,Group21,Group21,Group21,Group21,Group21,Group22,Group22,Group22,Group22,Group22,Group22,Group22,Group22,Group22,Group22
